cid,usid,round,atid,selected,selectable
13,6,0,1,3,3
14,6,1,1,3,3
15,6,2,1,3,-1
16,6,3,1,3,-1
17,6,4,1,0,3
18,6,5,1,0,3
19,6,6,1,0,2
20,6,7,1,0,1
21,6,8,1,0,3
22,6,9,1,0,1
23,6,10,1,0,3
24,6,11,1,0,1
25,6,12,1,3,3
26,6,13,1,3,3
27,6,14,1,3,-1
28,6,15,1,3,-1
29,6,16,1,2,3
30,6,17,1,3,3
31,6,18,1,3,3
32,6,19,1,3,-1
33,6,20,1,3,3
34,6,21,1,3,-1
35,6,22,1,3,-1
36,6,23,1,3,-1
37,6,24,1,0,3
38,6,25,1,0,3
39,6,26,1,0,1
40,6,27,1,3,3
41,6,28,1,3,3
42,6,29,1,3,-1
43,6,30,1,1,3
44,6,31,1,1,3
45,6,32,1,1,1
46,6,33,1,1,-1
47,6,34,1,1,1
48,6,35,1,1,-1
49,6,36,1,1,1
50,6,37,1,1,2
51,6,38,1,1,1
52,6,39,1,3,3
53,6,40,1,3,3
54,6,41,1,0,3
55,6,42,1,3,3
56,6,43,1,0,3
57,6,44,1,0,3
58,6,45,1,0,1
59,6,46,1,3,3
60,6,47,1,0,3
61,6,48,1,3,3
62,6,49,1,3,3
63,6,50,1,3,-1
64,6,51,1,1,3
65,6,52,1,1,3
66,6,53,1,1,2
67,6,54,1,1,1
68,6,55,1,0,3
69,6,56,1,0,3
70,6,57,1,0,1
71,6,58,1,0,0
72,6,59,1,1,1
73,6,60,1,1,1
74,6,61,1,1,2
75,6,62,1,1,1
76,6,63,1,1,2
77,6,64,1,1,1
78,6,65,1,1,2
79,6,66,1,0,3
80,6,67,1,0,1
81,6,68,1,0,0
82,6,69,1,1,1
83,6,70,1,1,1
84,6,71,1,1,2
85,6,72,1,1,3
86,6,73,1,0,2
87,6,74,1,0,2
88,6,75,1,0,0
89,6,76,1,2,2
90,6,77,1,2,2
91,6,78,1,2,-1
92,6,79,1,2,2
93,6,80,1,0,3
94,6,81,1,0,3
95,6,82,1,0,1
96,6,83,1,0,2
97,6,84,1,0,0
98,6,85,1,1,1
99,6,86,1,0,1
100,6,87,1,0,1
101,6,88,1,0,0
102,6,89,1,1,1
103,6,90,1,1,1
104,6,91,1,1,2
105,6,92,1,1,1
106,6,93,1,1,3
107,6,94,1,1,1
108,6,95,1,1,2
109,6,96,1,1,1
110,6,97,1,0,3
111,6,98,1,1,3
112,6,99,1,0,3
113,6,0,2,0,3
114,6,1,2,0,1
115,6,2,2,0,-1
116,6,3,2,0,-1
117,6,4,2,0,0
118,6,5,2,0,3
119,6,6,2,0,2
120,6,7,2,0,1
121,6,8,2,0,3
122,6,9,2,0,1
123,6,10,2,3,3
124,6,11,2,0,3
125,6,12,2,0,3
126,6,13,2,0,1
127,6,14,2,0,-1
128,6,15,2,0,-1
129,6,16,2,0,0
130,6,17,2,0,1
131,6,18,2,0,0
132,6,19,2,0,-1
133,6,20,2,0,0
134,6,21,2,0,-1
135,6,22,2,0,-1
136,6,23,2,0,-1
137,6,24,2,0,0
138,6,25,2,0,3
139,6,26,2,0,1
140,6,27,2,0,3
141,6,28,2,0,0
142,6,29,2,0,-1
143,6,30,2,0,0
144,6,31,2,2,2
145,6,32,2,2,2
146,6,33,2,2,-1
147,6,34,2,2,2
148,6,35,2,2,-1
149,6,36,2,2,2
150,6,37,2,3,3
151,6,38,2,0,3
152,6,39,2,0,3
153,6,40,2,1,1
154,6,41,2,1,1
155,6,42,2,1,3
156,6,43,2,1,1
157,6,44,2,3,3
158,6,45,2,0,3
159,6,46,2,0,3
160,6,47,2,0,1
161,6,48,2,0,3
162,6,49,2,0,1
163,6,50,2,0,-1
164,6,51,2,0,0
165,6,52,2,0,2
166,6,53,2,0,1
167,6,54,2,0,0
168,6,55,2,0,3
169,6,56,2,0,3
170,6,57,2,1,1
171,6,58,2,0,1
172,6,59,2,0,1
173,6,60,2,0,0
174,6,61,2,1,1
175,6,62,2,1,1
176,6,63,2,2,2
177,6,64,2,2,2
178,6,65,2,3,3
179,6,66,2,0,3
180,6,67,2,1,1
181,6,68,2,0,1
182,6,69,2,0,1
183,6,70,2,0,0
184,6,71,2,0,1
185,6,72,2,2,3
186,6,73,2,2,3
187,6,74,2,2,3
188,6,75,2,2,2
189,6,76,2,2,3
190,6,77,2,2,2
191,6,78,2,2,-1
192,6,79,2,0,2
193,6,80,2,0,2
194,6,81,2,0,3
195,6,82,2,0,1
196,6,83,2,2,2
197,6,84,2,1,2
198,6,85,2,1,2
199,6,86,2,1,1
200,6,87,2,2,2
201,6,88,2,1,2
202,6,89,2,1,2
203,6,90,2,0,1
204,6,91,2,1,1
205,6,92,2,1,1
206,6,93,2,1,3
207,6,94,2,0,1
208,6,95,2,0,1
209,6,96,2,0,0
210,6,97,2,0,3
211,6,98,2,0,3
212,6,99,2,0,3
213,6,0,3,0,3
214,6,1,3,3,1
215,6,2,3,2,1
216,6,3,3,1,1
217,6,4,3,1,1
218,6,5,3,2,3
219,6,6,3,3,3
220,6,7,3,0,3
221,6,8,3,3,3
222,6,9,3,0,3
223,6,10,3,0,3
224,6,11,3,0,1
225,6,12,3,0,3
226,6,13,3,3,1
227,6,14,3,2,1
228,6,15,3,1,1
229,6,16,3,1,1
230,6,17,3,1,2
231,6,18,3,2,1
232,6,19,3,1,1
233,6,20,3,2,1
234,6,21,3,3,1
235,6,22,3,2,1
236,6,23,3,1,1
237,6,24,3,1,1
238,6,25,3,3,3
239,6,26,3,1,3
240,6,27,3,1,3
241,6,28,3,2,1
242,6,29,3,1,1
243,6,30,3,1,1
244,6,31,3,1,3
245,6,32,3,2,1
246,6,33,3,1,1
247,6,34,3,3,1
248,6,35,3,1,1
249,6,36,3,0,1
250,6,37,3,0,1
251,6,38,3,0,0
252,6,39,3,0,3
253,6,40,3,0,1
254,6,41,3,0,0
255,6,42,3,0,3
256,6,43,3,0,0
257,6,44,3,0,3
258,6,45,3,0,1
259,6,46,3,0,3
260,6,47,3,0,1
261,6,48,3,0,3
262,6,49,3,2,1
263,6,50,3,1,1
264,6,51,3,1,1
265,6,52,3,2,3
266,6,53,3,3,3
267,6,54,3,0,3
268,6,55,3,0,3
269,6,56,3,3,3
270,6,57,3,3,3
271,6,58,3,3,3
272,6,59,3,3,3
273,6,60,3,2,3
274,6,61,3,2,3
275,6,62,3,1,2
276,6,63,3,1,2
277,6,64,3,0,1
278,6,65,3,0,1
279,6,66,3,3,3
280,6,67,3,3,3
281,6,68,3,3,3
282,6,69,3,3,3
283,6,70,3,2,3
284,6,71,3,0,3
285,6,72,3,0,3
286,6,73,3,0,1
287,6,74,3,2,2
288,6,75,3,0,2
289,6,76,3,0,2
290,6,77,3,1,0
291,6,78,3,0,0
292,6,79,3,0,0
293,6,80,3,0,2
294,6,81,3,3,3
295,6,82,3,2,3
296,6,83,3,2,3
297,6,84,3,2,2
298,6,85,3,2,3
299,6,86,3,2,2
300,6,87,3,2,3
301,6,88,3,2,2
302,6,89,3,2,3
303,6,90,3,2,2
304,6,91,3,2,3
305,6,92,3,0,2
306,6,93,3,2,2
307,6,94,3,2,2
308,6,95,3,3,3
309,6,96,3,0,3
310,6,97,3,0,3
311,6,98,3,0,3
312,6,99,3,0,3
313,6,0,4,0.16805555555557228,1
314,6,1,4,-0.2777777777777717,1
315,6,2,4,-0.1291666666666571,1
316,6,3,4,0.019444444444457587,1
317,6,4,4,0.46527777777778456,1
318,6,5,4,0.31666666666667,1
319,6,6,4,0.1680555555555553,1
320,6,7,4,0.6138888888888993,1
321,6,8,4,0.1680555555555553,1
322,6,9,4,0.6138888888888993,1
323,6,10,4,0.1680555555555796,1
324,6,11,4,0.6138888888888993,1
325,6,12,4,0.16805555555557228,1
326,6,13,4,-0.2777777777777717,1
327,6,14,4,-0.1291666666666571,1
328,6,15,4,0.019444444444457587,1
329,6,16,4,0.16805555555556673,1
330,6,17,4,0.019444444444457587,1
331,6,18,4,-0.1291666666666571,1
332,6,19,4,0.019444444444457587,1
333,6,20,4,-0.1291666666666571,1
334,6,21,4,-0.2777777777777717,1
335,6,22,4,-0.1291666666666571,1
336,6,23,4,0.019444444444457587,1
337,6,24,4,0.46527777777778456,1
338,6,25,4,0.1680555555555553,1
339,6,26,4,0.46527777777778456,1
340,6,27,4,0.019444444444457587,1
341,6,28,4,-0.1291666666666571,1
342,6,29,4,0.019444444444457587,1
343,6,30,4,0.31666666666667553,1
344,6,31,4,0.01944444444446236,1
345,6,32,4,-0.12916666666665222,1
346,6,33,4,0.01944444444446236,1
347,6,34,4,-0.277777777777767,1
348,6,35,4,0.01944444444446236,1
349,6,36,4,0.16805555555557705,1
350,6,37,4,0.019444444444470466,1
351,6,38,4,0.4652777777777901,1
352,6,39,4,0.16805555555557228,1
353,6,40,4,0.01944444444446569,1
354,6,41,4,0.46527777777779267,1
355,6,42,4,0.01944444444446569,1
356,6,43,4,0.46527777777779267,1
357,6,44,4,0.1680555555555796,1
358,6,45,4,0.6138888888888993,1
359,6,46,4,0.16805555555557228,1
360,6,47,4,0.6138888888888993,1
361,6,48,4,0.16805555555557228,1
362,6,49,4,-0.1291666666666571,1
363,6,50,4,0.019444444444457587,1
364,6,51,4,0.31666666666667553,1
365,6,52,4,0.16805555555556084,1
366,6,53,4,0.019444444444446263,1
367,6,54,4,0.4652777777777901,1
368,6,55,4,0.6138888888888993,1
369,6,56,4,0.1680555555555553,1
370,6,57,4,0.019444444444448705,1
371,6,58,4,0.1680555555555553,1
372,6,59,4,0.019444444444446263,1
373,6,60,4,0.16805555555556084,1
374,6,61,4,0.019444444444454256,1
375,6,62,4,0.16805555555556895,1
376,6,63,4,0.01944444444446236,1
377,6,64,4,0.16805555555557705,1
378,6,65,4,0.019444444444470466,1
379,6,66,4,0.1680555555555553,1
380,6,67,4,0.019444444444448705,1
381,6,68,4,0.1680555555555553,1
382,6,69,4,0.019444444444446263,1
383,6,70,4,0.16805555555556084,1
384,6,71,4,0.4652777777777901,1
385,6,72,4,0.16805555555557705,1
386,6,73,4,0.3166666666666861,1
387,6,74,4,0.01944444444445681,1
388,6,75,4,0.3166666666666861,1
389,6,76,4,0.019444444444468245,1
390,6,77,4,-0.12916666666664645,1
391,6,78,4,0.019444444444468245,1
392,6,79,4,0.3166666666666813,1
393,6,80,4,0.6138888888888993,1
394,6,81,4,0.1680555555555553,1
395,6,82,4,0.31666666666667,1
396,6,83,4,0.01944444444445681,1
397,6,84,4,0.1680555555555634,1
398,6,85,4,0.019444444444454256,1
399,6,86,4,0.1680555555555634,1
400,6,87,4,0.01944444444445681,1
401,6,88,4,0.1680555555555634,1
402,6,89,4,0.019444444444454256,1
403,6,90,4,0.16805555555556084,1
404,6,91,4,0.019444444444454256,1
405,6,92,4,0.31666666666668364,1
406,6,93,4,0.019444444444454256,1
407,6,94,4,0.16805555555556084,1
408,6,95,4,0.019444444444446263,1
409,6,96,4,0.4652777777777901,1
410,6,97,4,0.6138888888888993,1
411,6,98,4,0.4652777777777901,1
412,6,99,4,0.6138888888888993,1
413,9,0,1,2,3
414,9,1,1,2,3
415,9,2,1,2,2
416,9,3,1,2,3
417,9,0,2,0,3
418,9,1,2,2,2
419,9,2,2,1,2
420,9,3,2,1,2
421,9,0,3,0,3
422,9,1,3,0,2
423,9,2,3,0,0
424,9,3,3,1,1
425,9,0,4,0.3166666666666813,1
426,9,1,4,0.019444444444468245,1
427,9,2,4,0.16805555555557472,1
428,9,3,4,0.01944444444446014,1
429,10,0,1,3,3
430,10,1,1,2,3
431,10,2,1,2,3
432,10,3,1,2,2
433,10,4,1,2,3
434,10,0,2,0,3
435,10,1,2,0,1
436,10,2,2,2,2
437,10,3,2,1,2
438,10,4,2,1,2
439,10,0,3,0,3
440,10,1,3,0,1
441,10,2,3,0,2
442,10,3,3,0,0
443,10,4,3,1,1
444,10,0,4,0.16805555555557228,1
445,10,1,4,0.3166666666666813,1
446,10,2,4,0.019444444444468245,1
447,10,3,4,0.16805555555557472,1
448,10,4,4,0.01944444444446014,1
449,11,0,1,0,3
450,11,1,1,0,1
451,11,2,1,0,2
452,11,3,1,0,3
453,11,4,1,0,0
454,11,5,1,0,2
455,11,6,1,1,1
456,11,0,2,0,3
457,11,1,2,0,1
458,11,2,2,0,2
459,11,3,2,3,3
460,11,4,2,1,3
461,11,5,2,1,3
462,11,6,2,1,2
463,11,0,3,3,3
464,11,1,3,2,3
465,11,2,3,1,3
466,11,3,3,1,3
467,11,4,3,1,1
468,11,5,3,2,3
469,11,6,3,2,3
470,11,0,4,0.1680555555555553,1
471,11,1,4,0.31666666666667,1
472,11,2,4,0.46527777777778456,1
473,11,3,4,0.019444444444464914,1
474,11,4,4,0.3166666666666781,1
475,11,5,4,0.1680555555555634,1
476,11,6,4,0.019444444444454256,1
477,12,0,1,3,3
478,12,1,1,3,3
479,12,0,2,0,3
480,12,1,2,0,1
481,12,0,3,0,3
482,12,1,3,1,1
483,12,0,4,0.16805555555557228,1
484,12,1,4,0.019444444444457587,1
485,13,0,1,2,3
486,13,1,1,2,3
487,13,2,1,2,2
488,13,3,1,2,3
489,13,4,1,2,2
490,13,5,1,2,3
491,13,0,2,0,3
492,13,1,2,2,2
493,13,2,2,1,2
494,13,3,2,1,2
495,13,4,2,1,1
496,13,5,2,1,2
497,13,0,3,0,3
498,13,1,3,0,2
499,13,2,3,0,0
500,13,3,3,1,1
501,13,4,3,0,1
502,13,5,3,1,1
503,13,0,4,0.3166666666666813,1
504,13,1,4,0.019444444444468245,1
505,13,2,4,0.16805555555557472,1
506,13,3,4,0.01944444444446014,1
507,13,4,4,0.16805555555557472,1
508,13,5,4,0.01944444444446014,1
509,14,0,1,3,3
510,14,1,1,3,3
511,14,0,2,0,3
512,14,1,2,0,1
513,14,0,3,0,3
514,14,1,3,1,1
515,14,0,4,0.16805555555557228,1
516,14,1,4,0.019444444444457587,1
517,15,0,1,1,3
518,15,1,1,2,3
519,15,2,1,3,3
520,15,3,1,3,3
521,15,4,1,3,3
522,15,5,1,3,3
523,15,6,1,3,3
524,15,7,1,2,3
525,15,8,1,3,3
526,15,9,1,2,3
527,15,10,1,0,3
528,15,11,1,2,3
529,15,12,1,3,3
530,15,13,1,0,3
531,15,14,1,3,3
532,15,15,1,0,3
533,15,16,1,1,3
534,15,17,1,2,3
535,15,18,1,2,3
536,15,19,1,1,3
537,15,20,1,1,3
538,15,21,1,1,2
539,15,22,1,1,3
540,15,23,1,2,3
541,15,24,1,3,3
542,15,25,1,2,3
543,15,0,2,0,3
544,15,1,2,0,3
545,15,2,2,0,2
546,15,3,2,1,1
547,15,4,2,0,1
548,15,5,2,0,1
549,15,6,2,0,0
550,15,7,2,0,1
551,15,8,2,0,2
552,15,9,2,0,1
553,15,10,2,0,2
554,15,11,2,0,3
555,15,12,2,0,2
556,15,13,2,0,1
557,15,14,2,0,3
558,15,15,2,0,1
559,15,16,2,0,3
560,15,17,2,0,3
561,15,18,2,1,2
562,15,19,2,1,2
563,15,20,2,2,3
564,15,21,2,1,3
565,15,22,2,0,3
566,15,23,2,0,3
567,15,24,2,0,2
568,15,25,2,0,1
569,15,0,3,0,3
570,15,1,3,0,3
571,15,2,3,0,2
572,15,3,3,0,1
573,15,4,3,0,0
574,15,5,3,1,1
575,15,6,3,0,1
576,15,7,3,0,1
577,15,8,3,0,2
578,15,9,3,0,1
579,15,10,3,0,2
580,15,11,3,0,3
581,15,12,3,0,2
582,15,13,3,0,1
583,15,14,3,0,3
584,15,15,3,0,1
585,15,16,3,0,3
586,15,17,3,0,3
587,15,18,3,0,2
588,15,19,3,0,1
589,15,20,3,0,2
590,15,21,3,0,1
591,15,22,3,0,2
592,15,23,3,0,3
593,15,24,3,0,2
594,15,25,3,0,1
595,15,0,4,0.4652777777777901,1
596,15,1,4,0.3166666666666813,1
597,15,2,4,0.16805555555557228,1
598,15,3,4,0.01944444444446569,1
599,15,4,4,0.16805555555557228,1
600,15,5,4,0.019444444444457587,1
601,15,6,4,0.16805555555557228,1
602,15,7,4,0.3166666666666813,1
603,15,8,4,0.16805555555557228,1
604,15,9,4,0.3166666666666813,1
605,15,10,4,0.6138888888888993,1
606,15,11,4,0.3166666666666813,1
607,15,12,4,0.16805555555557228,1
608,15,13,4,0.6138888888888993,1
609,15,14,4,0.16805555555557228,1
610,15,15,4,0.6138888888888993,1
611,15,16,4,0.4652777777777901,1
612,15,17,4,0.3166666666666813,1
613,15,18,4,0.16805555555557472,1
614,15,19,4,0.31666666666668364,1
615,15,20,4,0.16805555555557705,1
616,15,21,4,0.31666666666668364,1
617,15,22,4,0.4652777777777901,1
618,15,23,4,0.3166666666666813,1
619,15,24,4,0.16805555555557228,1
620,15,25,4,0.3166666666666813,1
621,16,0,1,0,3
622,16,1,1,0,1
623,16,2,1,0,3
624,16,3,1,0,3
625,16,4,1,0,1
626,16,5,1,0,0
627,16,6,1,1,1
628,16,0,2,3,3
629,16,1,2,0,3
630,16,2,2,0,3
631,16,3,2,2,3
632,16,4,2,3,3
633,16,5,2,3,3
634,16,6,2,3,3
635,16,0,3,0,3
636,16,1,3,0,1
637,16,2,3,1,3
638,16,3,3,1,3
639,16,4,3,1,2
640,16,5,3,0,1
641,16,6,3,0,1
642,16,0,4,0.1680555555555796,1
643,16,1,4,0.6138888888888993,1
644,16,2,4,0.46527777777778456,1
645,16,3,4,0.1680555555555715,1
646,16,4,4,0.019444444444464914,1
647,16,5,4,0.1680555555555796,1
648,16,6,4,0.019444444444470466,1
649,17,0,1,2,3
650,17,1,1,2,3
651,17,2,1,2,3
652,17,3,1,2,2
653,17,4,1,2,3
654,17,0,2,0,3
655,17,1,2,1,2
656,17,2,2,1,2
657,17,3,2,1,1
658,17,4,2,1,2
659,17,0,3,0,3
660,17,1,3,0,2
661,17,2,3,1,1
662,17,3,3,0,1
663,17,4,3,1,1
664,17,0,4,0.3166666666666813,1
665,17,1,4,0.16805555555557472,1
666,17,2,4,0.01944444444446014,1
667,17,3,4,0.16805555555557472,1
668,17,4,4,0.01944444444446014,1
669,18,0,1,2,3
670,18,1,1,2,3
671,18,2,1,2,3
672,18,3,1,2,3
673,18,4,1,0,2
674,18,5,1,0,2
675,18,6,1,0,1
676,18,7,1,0,2
677,18,8,1,0,3
678,18,9,1,0,2
679,18,10,1,0,0
680,18,11,1,1,2
681,18,12,1,0,2
682,18,13,1,0,2
683,18,14,1,0,1
684,18,0,2,0,3
685,18,1,2,1,2
686,18,2,2,0,2
687,18,3,2,0,2
688,18,4,2,0,0
689,18,5,2,0,2
690,18,6,2,0,1
691,18,7,2,0,2
692,18,8,2,0,3
693,18,9,2,2,2
694,18,10,2,0,2
695,18,11,2,0,2
696,18,12,2,0,1
697,18,13,2,0,2
698,18,14,2,0,1
699,18,0,3,0,3
700,18,1,3,0,2
701,18,2,3,0,1
702,18,3,3,2,2
703,18,4,3,2,2
704,18,5,3,3,3
705,18,6,3,2,3
706,18,7,3,1,3
707,18,8,3,2,3
708,18,9,3,2,3
709,18,10,3,2,2
710,18,11,3,2,3
711,18,12,3,2,3
712,18,13,3,3,3
713,18,14,3,2,3
714,18,0,4,0.3166666666666813,1
715,18,1,4,0.16805555555557472,1
716,18,2,4,0.3166666666666813,1
717,18,3,4,0.019444444444452036,1
718,18,4,4,0.31666666666667,1
719,18,5,4,0.1680555555555553,1
720,18,6,4,0.31666666666667,1
721,18,7,4,0.46527777777778456,1
722,18,8,4,0.31666666666667,1
723,18,9,4,0.01944444444445681,1
724,18,10,4,0.31666666666667,1
725,18,11,4,0.16805555555556084,1
726,18,12,4,0.31666666666667,1
727,18,13,4,0.1680555555555553,1
728,18,14,4,0.31666666666667,1
729,19,0,1,2,3
730,19,1,1,2,3
731,19,2,1,2,3
732,19,0,2,0,3
733,19,1,2,1,2
734,19,2,2,1,2
735,19,0,3,0,3
736,19,1,3,0,2
737,19,2,3,1,1
738,19,0,4,0.3166666666666813,1
739,19,1,4,0.16805555555557472,1
740,19,2,4,0.01944444444446014,1
741,20,0,1,3,3
742,20,1,1,0,3
743,20,2,1,0,3
744,20,3,1,0,1
745,20,4,1,0,3
746,20,5,1,0,1
747,20,6,1,2,3
748,20,7,1,2,3
749,20,8,1,2,2
750,20,9,1,2,3
751,20,10,1,1,3
752,20,11,1,1,3
753,20,12,1,1,1
754,20,13,1,1,2
755,20,14,1,1,1
756,20,15,1,2,2
757,20,16,1,1,2
758,20,0,2,0,3
759,20,1,2,0,1
760,20,2,2,3,3
761,20,3,2,0,3
762,20,4,2,0,3
763,20,5,2,0,1
764,20,6,2,0,3
765,20,7,2,2,2
766,20,8,2,0,2
767,20,9,2,0,2
768,20,10,2,0,1
769,20,11,2,2,2
770,20,12,2,1,2
771,20,13,2,2,2
772,20,14,2,1,2
773,20,15,2,1,2
774,20,16,2,1,1
775,20,0,3,0,3
776,20,1,3,0,1
777,20,2,3,0,3
778,20,3,3,0,1
779,20,4,3,3,3
780,20,5,3,0,3
781,20,6,3,0,3
782,20,7,3,0,2
783,20,8,3,0,0
784,20,9,3,1,2
785,20,10,3,1,2
786,20,11,3,1,3
787,20,12,3,1,1
788,20,13,3,1,2
789,20,14,3,1,1
790,20,15,3,1,2
791,20,16,3,1,1
792,20,0,4,0.16805555555557228,1
793,20,1,4,0.6138888888888993,1
794,20,2,4,0.1680555555555796,1
795,20,3,4,0.6138888888888993,1
796,20,4,4,0.1680555555555553,1
797,20,5,4,0.6138888888888993,1
798,20,6,4,0.3166666666666813,1
799,20,7,4,0.019444444444468245,1
800,20,8,4,0.3166666666666813,1
801,20,9,4,0.16805555555556673,1
802,20,10,4,0.31666666666667553,1
803,20,11,4,0.01944444444446236,1
804,20,12,4,0.16805555555556895,1
805,20,13,4,0.01944444444446236,1
806,20,14,4,0.16805555555556895,1
807,20,15,4,0.01944444444446014,1
808,20,16,4,0.16805555555556895,1
809,21,0,1,3,3
810,21,1,1,3,3
811,21,2,1,2,3
812,21,3,1,2,3
813,21,4,1,2,2
814,21,5,1,2,3
815,21,0,2,0,3
816,21,1,2,1,1
817,21,2,2,1,1
818,21,3,2,2,2
819,21,4,2,1,2
820,21,5,2,1,2
821,21,0,3,0,3
822,21,1,3,0,1
823,21,2,3,0,0
824,21,3,3,0,1
825,21,4,3,0,0
826,21,5,3,1,1
827,21,0,4,0.16805555555557228,1
828,21,1,4,0.01944444444446569,1
829,21,2,4,0.16805555555557472,1
830,21,3,4,0.019444444444468245,1
831,21,4,4,0.16805555555557472,1
832,21,5,4,0.01944444444446014,1
833,22,0,1,1,3
834,22,1,1,1,3
835,22,2,1,1,2
836,22,0,2,0,3
837,22,1,2,2,3
838,22,2,2,2,3
839,22,0,3,0,3
840,22,1,3,0,3
841,22,2,3,1,1
842,22,0,4,0.4652777777777901,1
843,22,1,4,0.16805555555557705,1
844,22,2,4,0.01944444444446236,1
845,25,0,1,1,2
846,25,1,1,2,2
847,25,2,1,1,2
848,25,3,1,1,2
849,25,0,2,1,1
850,25,1,2,1,2
851,25,2,2,1,1
852,25,3,2,1,2
853,25,0,3,1,1
854,25,1,3,1,2
855,25,2,3,1,1
856,25,3,3,2,2
857,25,0,4,0.16805555555556895,1
858,25,1,4,0.01944444444446014,1
859,25,2,4,0.16805555555556895,1
860,25,3,4,0.019444444444454256,1
861,26,0,1,1,2
862,26,1,1,2,2
863,26,2,1,1,2
864,26,3,1,2,2
865,26,4,1,1,2
866,26,5,1,2,2
867,26,6,1,1,2
868,26,7,1,0,2
869,26,8,1,1,2
870,26,9,1,2,2
871,26,0,2,1,1
872,26,1,2,1,2
873,26,2,2,1,1
874,26,3,2,1,2
875,26,4,2,1,1
876,26,5,2,1,2
877,26,6,2,1,1
878,26,7,2,1,2
879,26,8,2,1,3
880,26,9,2,1,2
881,26,0,3,1,1
882,26,1,3,1,2
883,26,2,3,1,1
884,26,3,3,1,2
885,26,4,3,1,1
886,26,5,3,1,2
887,26,6,3,1,1
888,26,7,3,1,2
889,26,8,3,1,3
890,26,9,3,1,2
891,26,0,4,0.16805555555556895,1
892,26,1,4,0.01944444444446014,1
893,26,2,4,0.16805555555556895,1
894,26,3,4,0.01944444444446014,1
895,26,4,4,0.16805555555556895,1
896,26,5,4,0.01944444444446014,1
897,26,6,4,0.16805555555556895,1
898,26,7,4,0.3166666666666781,1
899,26,8,4,0.16805555555556895,1
900,26,9,4,0.01944444444446014,1
901,27,0,1,1,2
902,27,1,1,1,2
903,27,2,1,1,1
904,27,3,1,1,2
905,27,0,2,1,1
906,27,1,2,2,2
907,27,2,2,1,2
908,27,3,2,1,2
909,27,0,3,1,1
910,27,1,3,1,2
911,27,2,3,1,1
912,27,3,3,2,2
913,27,0,4,0.16805555555556895,1
914,27,1,4,0.01944444444446236,1
915,27,2,4,0.16805555555556895,1
916,27,3,4,0.019444444444454256,1
917,28,0,1,1,2
918,28,1,1,1,2
919,28,2,1,1,1
920,28,3,1,1,2
921,28,4,1,1,1
922,28,0,2,1,1
923,28,1,2,2,2
924,28,2,2,1,2
925,28,3,2,1,2
926,28,4,2,1,1
927,28,0,3,1,1
928,28,1,3,1,2
929,28,2,3,1,1
930,28,3,3,2,2
931,28,4,3,1,2
932,28,0,4,0.16805555555556895,1
933,28,1,4,0.01944444444446236,1
934,28,2,4,0.16805555555556895,1
935,28,3,4,0.019444444444454256,1
936,28,4,4,0.16805555555556895,1
937,29,0,1,1,2
938,29,1,1,1,2
939,29,2,1,1,1
940,29,3,1,1,2
941,29,4,1,1,1
942,29,0,2,1,1
943,29,1,2,1,2
944,29,2,2,1,1
945,29,3,2,2,2
946,29,4,2,1,2
947,29,0,3,1,1
948,29,1,3,2,2
949,29,2,3,1,2
950,29,3,3,1,2
951,29,4,3,1,1
952,29,0,4,0.16805555555556895,1
953,29,1,4,0.019444444444454256,1
954,29,2,4,0.16805555555556895,1
955,29,3,4,0.01944444444446236,1
956,29,4,4,0.16805555555556895,1
957,30,0,1,1,2
958,30,1,1,1,2
959,30,2,1,1,1
960,30,3,1,1,3
961,30,4,1,1,1
962,30,5,1,1,2
963,30,6,1,1,1
964,30,7,1,1,2
965,30,8,1,1,1
966,30,9,1,2,2
967,30,10,1,1,2
968,30,11,1,1,2
969,30,12,1,1,1
970,30,13,1,2,2
971,30,14,1,1,2
972,30,15,1,1,2
973,30,16,1,1,3
974,30,0,2,1,1
975,30,1,2,1,2
976,30,2,2,1,1
977,30,3,2,3,3
978,30,4,2,2,3
979,30,5,2,2,3
980,30,6,2,1,2
981,30,7,2,1,2
982,30,8,2,1,1
983,30,9,2,1,2
984,30,10,2,1,1
985,30,11,2,1,2
986,30,12,2,1,1
987,30,13,2,1,2
988,30,14,2,1,1
989,30,15,2,0,2
990,30,16,2,1,2
991,30,0,3,1,1
992,30,1,3,2,2
993,30,2,3,0,2
994,30,3,3,0,2
995,30,4,3,0,0
996,30,5,3,1,1
997,30,6,3,1,1
998,30,7,3,2,2
999,30,8,3,1,2
1000,30,9,3,1,2
1001,30,10,3,1,1
1002,30,11,3,2,2
1003,30,12,3,1,2
1004,30,13,3,1,2
1005,30,14,3,1,1
1006,30,15,3,1,2
1007,30,16,3,1,3
1008,30,0,4,0.16805555555556895,1
1009,30,1,4,0.019444444444454256,1
1010,30,2,4,0.31666666666668364,1
1011,30,3,4,0.019444444444470466,1
1012,30,4,4,0.16805555555557705,1
1013,30,5,4,0.01944444444446236,1
1014,30,6,4,0.16805555555556895,1
1015,30,7,4,0.019444444444454256,1
1016,30,8,4,0.16805555555556895,1
1017,30,9,4,0.01944444444446014,1
1018,30,10,4,0.16805555555556895,1
1019,30,11,4,0.019444444444454256,1
1020,30,12,4,0.16805555555556895,1
1021,30,13,4,0.01944444444446014,1
1022,30,14,4,0.16805555555556895,1
1023,30,15,4,0.31666666666667553,1
1024,30,16,4,0.16805555555556895,1
1025,31,0,1,1,2
1026,31,1,1,2,2
1027,31,2,1,1,2
1028,31,3,1,2,2
1029,31,4,1,1,2
1030,31,5,1,1,2
1031,31,6,1,1,1
1032,31,7,1,1,2
1033,31,8,1,1,1
1034,31,9,1,1,2
1035,31,10,1,2,2
1036,31,0,2,1,1
1037,31,1,2,1,2
1038,31,2,2,1,1
1039,31,3,2,1,2
1040,31,4,2,1,1
1041,31,5,2,1,2
1042,31,6,2,1,1
1043,31,7,2,2,2
1044,31,8,2,1,2
1045,31,9,2,1,2
1046,31,10,2,1,2
1047,31,0,3,1,1
1048,31,1,3,1,2
1049,31,2,3,1,1
1050,31,3,3,1,2
1051,31,4,3,1,1
1052,31,5,3,2,2
1053,31,6,3,1,2
1054,31,7,3,1,2
1055,31,8,3,1,1
1056,31,9,3,1,2
1057,31,10,3,1,2
1058,31,0,4,0.16805555555556895,1
1059,31,1,4,0.01944444444446014,1
1060,31,2,4,0.16805555555556895,1
1061,31,3,4,0.01944444444446014,1
1062,31,4,4,0.16805555555556895,1
1063,31,5,4,0.019444444444454256,1
1064,31,6,4,0.16805555555556895,1
1065,31,7,4,0.01944444444446236,1
1066,31,8,4,0.16805555555556895,1
1067,31,9,4,0.16805555555556895,1
1068,31,10,4,0.01944444444446014,1
1069,32,0,1,1,2
1070,32,1,1,1,2
1071,32,0,2,1,1
1072,32,1,2,2,2
1073,32,0,3,1,1
1074,32,1,3,1,2
1075,32,0,4,0.16805555555556895,1
1076,32,1,4,0.01944444444446236,1
1077,33,0,1,1,2
1078,33,1,1,1,2
1079,33,2,1,1,1
1080,33,3,1,2,2
1081,33,4,1,1,2
1082,33,5,1,1,2
1083,33,0,2,1,1
1084,33,1,2,1,2
1085,33,2,2,0,1
1086,33,3,2,0,1
1087,33,4,2,0,0
1088,33,5,2,0,1
1089,33,0,3,1,1
1090,33,1,3,2,2
1091,33,2,3,2,2
1092,33,3,3,2,3
1093,33,4,3,2,2
1094,33,5,3,3,3
1095,33,0,4,0.16805555555556895,1
1096,33,1,4,0.019444444444454256,1
1097,33,2,4,0.16805555555556084,1
1098,33,3,4,0.019444444444452036,1
1099,33,4,4,0.16805555555556084,1
1100,33,5,4,0.019444444444446263,1
1101,34,0,1,1,2
1102,34,1,1,1,2
1103,34,2,1,1,1
1104,34,3,1,1,3
1105,34,4,1,0,1
1106,34,5,1,1,1
1107,34,6,1,1,1
1108,34,7,1,2,2
1109,34,8,1,1,2
1110,34,0,2,1,1
1111,34,1,2,2,2
1112,34,2,2,0,2
1113,34,3,2,2,2
1114,34,4,2,2,2
1115,34,5,2,2,3
1116,34,6,2,1,2
1117,34,7,2,1,2
1118,34,8,2,1,1
1119,34,0,3,1,1
1120,34,1,3,1,2
1121,34,2,3,1,1
1122,34,3,3,1,3
1123,34,4,3,1,1
1124,34,5,3,1,2
1125,34,6,3,1,1
1126,34,7,3,1,2
1127,34,8,3,1,1
1128,34,0,4,0.16805555555556895,1
1129,34,1,4,0.01944444444446236,1
1130,34,2,4,0.31666666666667553,1
1131,34,3,4,0.01944444444446236,1
1132,34,4,4,0.1680555555555715,1
1133,34,5,4,0.01944444444446236,1
1134,34,6,4,0.16805555555556895,1
1135,34,7,4,0.01944444444446014,1
1136,34,8,4,0.16805555555556895,1
1137,35,0,1,1,2
1138,35,1,1,1,2
1139,35,2,1,1,1
1140,35,3,1,1,2
1141,35,4,1,1,1
1142,35,0,2,1,1
1143,35,1,2,2,2
1144,35,2,2,1,2
1145,35,3,2,1,2
1146,35,4,2,1,1
1147,35,0,3,1,1
1148,35,1,3,1,2
1149,35,2,3,1,1
1150,35,3,3,2,2
1151,35,4,3,1,2
1152,35,0,4,0.16805555555556895,1
1153,35,1,4,0.01944444444446236,1
1154,35,2,4,0.16805555555556895,1
1155,35,3,4,0.019444444444454256,1
1156,35,4,4,0.16805555555556895,1
1157,36,0,1,1,2
1158,36,1,1,0,2
1159,36,2,1,1,2
1160,36,3,1,2,2
1161,36,0,2,1,1
1162,36,1,2,1,2
1163,36,2,2,1,3
1164,36,3,2,1,2
1165,36,0,3,1,1
1166,36,1,3,1,2
1167,36,2,3,1,3
1168,36,3,3,1,2
1169,36,0,4,0.16805555555556895,1
1170,36,1,4,0.3166666666666781,1
1171,36,2,4,0.16805555555556895,1
1172,36,3,4,0.01944444444446014,1
1173,37,0,1,1,2
1174,37,1,1,2,2
1175,37,2,1,1,2
1176,37,3,1,1,2
1177,37,4,1,1,1
1178,37,5,1,1,2
1179,37,0,2,1,1
1180,37,1,2,1,2
1181,37,2,2,1,1
1182,37,3,2,2,2
1183,37,4,2,1,2
1184,37,5,2,1,2
1185,37,0,3,1,1
1186,37,1,3,1,2
1187,37,2,3,1,1
1188,37,3,3,1,2
1189,37,4,3,1,1
1190,37,5,3,2,2
1191,37,0,4,0.16805555555556895,1
1192,37,1,4,0.01944444444446014,1
1193,37,2,4,0.16805555555556895,1
1194,37,3,4,0.01944444444446236,1
1195,37,4,4,0.16805555555556895,1
1196,37,5,4,0.019444444444454256,1
1197,38,0,1,1,2
1198,38,1,1,1,2
1199,38,2,1,1,1
1200,38,3,1,2,2
1201,38,4,1,1,2
1202,38,5,1,1,2
1203,38,0,2,1,1
1204,38,1,2,2,2
1205,38,2,2,1,2
1206,38,3,2,1,2
1207,38,4,2,1,1
1208,38,5,2,2,2
1209,38,0,3,1,1
1210,38,1,3,1,2
1211,38,2,3,1,1
1212,38,3,3,1,2
1213,38,4,3,1,1
1214,38,5,3,1,2
1215,38,0,4,0.16805555555556895,1
1216,38,1,4,0.01944444444446236,1
1217,38,2,4,0.16805555555556895,1
1218,38,3,4,0.01944444444446014,1
1219,38,4,4,0.16805555555556895,1
1220,38,5,4,0.01944444444446236,1
1221,39,0,1,2,2
1222,39,1,1,3,3
1223,39,2,1,3,3
1224,39,3,1,0,3
1225,39,4,1,0,3
1226,39,5,1,1,1
1227,39,6,1,1,1
1228,39,7,1,1,2
1229,39,8,1,1,1
1230,39,9,1,1,3
1231,39,0,2,0,1
1232,39,1,2,0,1
1233,39,2,2,0,0
1234,39,3,2,0,1
1235,39,4,2,3,3
1236,39,5,2,3,3
1237,39,6,2,2,3
1238,39,7,2,3,3
1239,39,8,2,1,3
1240,39,9,2,1,3
1241,39,0,3,1,1
1242,39,1,3,1,2
1243,39,2,3,0,1
1244,39,3,3,0,1
1245,39,4,3,0,3
1246,39,5,3,0,1
1247,39,6,3,0,0
1248,39,7,3,0,1
1249,39,8,3,0,0
1250,39,9,3,2,2
1251,39,0,4,0.16805555555556673,1
1252,39,1,4,0.019444444444457587,1
1253,39,2,4,0.16805555555557228,1
1254,39,3,4,0.6138888888888993,1
1255,39,4,4,0.1680555555555796,1
1256,39,5,4,0.019444444444470466,1
1257,39,6,4,0.16805555555557705,1
1258,39,7,4,0.019444444444470466,1
1259,39,8,4,0.31666666666668364,1
1260,39,9,4,0.019444444444454256,1
1261,40,0,1,1,2
1262,40,1,1,1,2
1263,40,2,1,1,1
1264,40,3,1,1,2
1265,40,4,1,1,3
1266,40,5,1,1,2
1267,40,6,1,2,3
1268,40,7,1,1,3
1269,40,8,1,2,3
1270,40,9,1,2,3
1271,40,10,1,1,2
1272,40,11,1,1,2
1273,40,0,2,1,1
1274,40,1,2,2,2
1275,40,2,2,1,2
1276,40,3,2,0,2
1277,40,4,2,1,2
1278,40,5,2,1,2
1279,40,6,2,1,3
1280,40,7,2,1,2
1281,40,8,2,1,3
1282,40,9,2,1,2
1283,40,10,2,1,1
1284,40,11,2,1,2
1285,40,0,3,1,1
1286,40,1,3,1,2
1287,40,2,3,1,1
1288,40,3,3,1,2
1289,40,4,3,1,3
1290,40,5,3,0,2
1291,40,6,3,0,2
1292,40,7,3,0,1
1293,40,8,3,0,2
1294,40,9,3,1,1
1295,40,10,3,1,1
1296,40,11,3,0,2
1297,40,0,4,0.16805555555556895,1
1298,40,1,4,0.01944444444446236,1
1299,40,2,4,0.16805555555556895,1
1300,40,3,4,0.31666666666667553,1
1301,40,4,4,0.16805555555556895,1
1302,40,5,4,0.31666666666668364,1
1303,40,6,4,0.16805555555557472,1
1304,40,7,4,0.31666666666668364,1
1305,40,8,4,0.16805555555557472,1
1306,40,9,4,0.01944444444446014,1
1307,40,10,4,0.16805555555556895,1
1308,40,11,4,0.31666666666668364,1
1309,41,0,1,1,2
1310,41,1,1,1,2
1311,41,0,2,1,1
1312,41,1,2,2,2
1313,41,0,3,1,1
1314,41,1,3,1,2
1315,41,0,4,0.16805555555556895,1
1316,41,1,4,0.01944444444446236,1
1317,42,0,1,1,2
1318,42,1,1,2,2
1319,42,2,1,1,2
1320,42,3,1,2,2
1321,42,4,1,1,2
1322,42,5,1,0,2
1323,42,6,1,0,2
1324,42,7,1,0,0
1325,42,8,1,0,1
1326,42,9,1,0,0
1327,42,10,1,0,1
1328,42,11,1,2,2
1329,42,12,1,2,2
1330,42,13,1,3,3
1331,42,14,1,0,3
1332,42,15,1,0,3
1333,42,16,1,0,2
1334,42,17,1,0,1
1335,42,18,1,0,0
1336,42,19,1,1,1
1337,42,20,1,0,1
1338,42,21,1,1,1
1339,42,22,1,0,1
1340,42,0,2,1,1
1341,42,1,2,1,2
1342,42,2,2,1,1
1343,42,3,2,1,2
1344,42,4,2,1,1
1345,42,5,2,1,2
1346,42,6,2,1,3
1347,42,7,2,1,1
1348,42,8,2,2,2
1349,42,9,2,1,2
1350,42,10,2,0,2
1351,42,11,2,0,2
1352,42,12,2,0,0
1353,42,13,2,0,2
1354,42,14,2,0,1
1355,42,15,2,2,3
1356,42,16,2,2,3
1357,42,17,2,2,3
1358,42,18,2,2,2
1359,42,19,2,2,3
1360,42,20,2,2,2
1361,42,21,2,2,3
1362,42,22,2,2,2
1363,42,0,3,1,1
1364,42,1,3,1,2
1365,42,2,3,1,1
1366,42,3,3,1,2
1367,42,4,3,1,1
1368,42,5,3,1,2
1369,42,6,3,3,3
1370,42,7,3,2,3
1371,42,8,3,2,3
1372,42,9,3,2,2
1373,42,10,3,2,3
1374,42,11,3,2,3
1375,42,12,3,0,2
1376,42,13,3,0,2
1377,42,14,3,0,1
1378,42,15,3,0,3
1379,42,16,3,1,2
1380,42,17,3,2,2
1381,42,18,3,1,2
1382,42,19,3,1,2
1383,42,20,3,1,1
1384,42,21,3,1,2
1385,42,22,3,1,1
1386,42,0,4,0.16805555555556895,1
1387,42,1,4,0.01944444444446014,1
1388,42,2,4,0.16805555555556895,1
1389,42,3,4,0.01944444444446014,1
1390,42,4,4,0.16805555555556895,1
1391,42,5,4,0.3166666666666781,1
1392,42,6,4,0.019444444444448705,1
1393,42,7,4,0.1680555555555634,1
1394,42,8,4,0.01944444444445681,1
1395,42,9,4,0.1680555555555634,1
1396,42,10,4,0.31666666666667,1
1397,42,11,4,0.019444444444452036,1
1398,42,12,4,0.3166666666666813,1
1399,42,13,4,0.16805555555557228,1
1400,42,14,4,0.6138888888888993,1
1401,42,15,4,0.3166666666666861,1
1402,42,16,4,0.1680555555555715,1
1403,42,17,4,0.01944444444445681,1
1404,42,18,4,0.1680555555555715,1
1405,42,19,4,0.01944444444446236,1
1406,42,20,4,0.1680555555555715,1
1407,42,21,4,0.01944444444446236,1
1408,42,22,4,0.1680555555555715,1
1409,43,0,1,1,2
1410,43,1,1,2,2
1411,43,2,1,1,2
1412,43,3,1,1,2
1413,43,4,1,1,1
1414,43,5,1,1,2
1415,43,6,1,1,1
1416,43,7,1,2,2
1417,43,8,1,1,2
1418,43,0,2,1,1
1419,43,1,2,1,2
1420,43,2,2,1,1
1421,43,3,2,2,2
1422,43,4,2,1,2
1423,43,5,2,1,2
1424,43,6,2,1,1
1425,43,7,2,1,2
1426,43,8,2,1,1
1427,43,0,3,1,1
1428,43,1,3,1,2
1429,43,2,3,1,1
1430,43,3,3,1,2
1431,43,4,3,1,1
1432,43,5,3,2,2
1433,43,6,3,1,2
1434,43,7,3,1,2
1435,43,8,3,1,1
1436,43,0,4,0.16805555555556895,1
1437,43,1,4,0.01944444444446014,1
1438,43,2,4,0.16805555555556895,1
1439,43,3,4,0.01944444444446236,1
1440,43,4,4,0.16805555555556895,1
1441,43,5,4,0.019444444444454256,1
1442,43,6,4,0.16805555555556895,1
1443,43,7,4,0.01944444444446014,1
1444,43,8,4,0.16805555555556895,1
1445,44,0,1,0,2
1446,44,1,1,2,2
1447,44,2,1,1,2
1448,44,3,1,1,2
1449,44,0,2,1,1
1450,44,1,2,1,3
1451,44,2,2,1,1
1452,44,3,2,1,2
1453,44,0,3,1,1
1454,44,1,3,1,3
1455,44,2,3,1,1
1456,44,3,3,2,2
1457,44,0,4,0.3166666666666781,1
1458,44,1,4,0.01944444444446014,1
1459,44,2,4,0.16805555555556895,1
1460,44,3,4,0.019444444444454256,1
1461,45,0,1,2,2
1462,45,1,1,3,3
1463,45,2,1,2,3
1464,45,3,1,2,3
1465,45,4,1,2,2
1466,45,0,2,0,1
1467,45,1,2,0,1
1468,45,2,2,0,0
1469,45,3,2,1,1
1470,45,4,2,0,1
1471,45,0,3,1,1
1472,45,1,3,1,2
1473,45,2,3,1,1
1474,45,3,3,1,2
1475,45,4,3,1,1
1476,45,0,4,0.16805555555556673,1
1477,45,1,4,0.019444444444457587,1
1478,45,2,4,0.16805555555556673,1
1479,45,3,4,0.01944444444446014,1
1480,45,4,4,0.16805555555556673,1
1481,46,0,1,1,2
1482,46,1,1,1,2
1483,46,0,2,1,1
1484,46,1,2,1,2
1485,46,0,3,1,1
1486,46,1,3,2,2
1487,46,0,4,0.16805555555556895,1
1488,46,1,4,0.019444444444454256,1
1489,47,0,1,0,2
1490,47,1,1,0,2
1491,47,2,1,0,1
1492,47,0,2,1,1
1493,47,1,2,2,3
1494,47,2,2,2,3
1495,47,0,3,1,1
1496,47,1,3,1,3
1497,47,2,3,2,2
1498,47,0,4,0.3166666666666781,1
1499,47,1,4,0.1680555555555715,1
1500,47,2,4,0.01944444444445681,1
1501,48,0,1,1,2
1502,48,1,1,1,2
1503,48,2,1,1,1
1504,48,3,1,1,2
1505,48,4,1,1,1
1506,48,5,1,2,2
1507,48,6,1,2,2
1508,48,7,1,2,3
1509,48,0,2,1,1
1510,48,1,2,2,2
1511,48,2,2,1,2
1512,48,3,2,1,2
1513,48,4,2,0,1
1514,48,5,2,0,1
1515,48,6,2,0,0
1516,48,7,2,1,1
1517,48,0,3,1,1
1518,48,1,3,1,2
1519,48,2,3,1,1
1520,48,3,3,2,2
1521,48,4,3,2,2
1522,48,5,3,2,3
1523,48,6,3,1,2
1524,48,7,3,1,2
1525,48,0,4,0.16805555555556895,1
1526,48,1,4,0.01944444444446236,1
1527,48,2,4,0.16805555555556895,1
1528,48,3,4,0.019444444444454256,1
1529,48,4,4,0.16805555555556084,1
1530,48,5,4,0.019444444444452036,1
1531,48,6,4,0.16805555555556673,1
1532,48,7,4,0.01944444444446014,1
1533,49,0,1,1,2
1534,49,1,1,1,2
1535,49,2,1,1,1
1536,49,3,1,1,2
1537,49,0,2,1,1
1538,49,1,2,1,2
1539,49,2,2,1,1
1540,49,3,2,2,2
1541,49,0,3,1,1
1542,49,1,3,2,2
1543,49,2,3,1,2
1544,49,3,3,1,2
1545,49,0,4,0.16805555555556895,1
1546,49,1,4,0.019444444444454256,1
1547,49,2,4,0.16805555555556895,1
1548,49,3,4,0.01944444444446236,1
1549,50,0,1,1,2
1550,50,1,1,1,2
1551,50,2,1,1,3
1552,50,0,2,1,1
1553,50,1,2,0,2
1554,50,2,2,1,2
1555,50,0,3,1,1
1556,50,1,3,1,2
1557,50,2,3,1,3
1558,50,0,4,0.16805555555556895,1
1559,50,1,4,0.31666666666667553,1
1560,50,2,4,0.16805555555556895,1
1561,52,0,1,1,2
1562,52,1,1,1,2
1563,52,2,1,1,1
1564,52,3,1,2,2
1565,52,0,2,1,1
1566,52,1,2,2,2
1567,52,2,2,1,2
1568,52,3,2,1,2
1569,52,0,3,1,1
1570,52,1,3,1,2
1571,52,2,3,1,1
1572,52,3,3,1,2
1573,52,0,4,0.16805555555556895,1
1574,52,1,4,0.01944444444446236,1
1575,52,2,4,0.16805555555556895,1
1576,52,3,4,0.01944444444446014,1
1577,53,0,1,1,2
1578,53,1,1,1,2
1579,53,2,1,0,1
1580,53,3,1,0,1
1581,53,4,1,0,0
1582,53,5,1,2,2
1583,53,0,2,1,1
1584,53,1,2,2,2
1585,53,2,2,2,2
1586,53,3,2,3,3
1587,53,4,2,1,3
1588,53,5,2,1,3
1589,53,0,3,1,1
1590,53,1,3,1,2
1591,53,2,3,1,1
1592,53,3,3,1,2
1593,53,4,3,1,1
1594,53,5,3,1,3
1595,53,0,4,0.16805555555556895,1
1596,53,1,4,0.01944444444446236,1
1597,53,2,4,0.1680555555555715,1
1598,53,3,4,0.019444444444464914,1
1599,53,4,4,0.3166666666666781,1
1600,53,5,4,0.01944444444446014,1
1601,54,0,1,1,2
1602,54,1,1,1,2
1603,54,2,1,1,1
1604,54,3,1,1,2
1605,54,4,1,1,1
1606,54,5,1,2,2
1607,54,6,1,1,2
1608,54,0,2,1,1
1609,54,1,2,1,2
1610,54,2,2,1,1
1611,54,3,2,2,2
1612,54,4,2,1,2
1613,54,5,2,1,2
1614,54,6,2,1,1
1615,54,0,3,1,1
1616,54,1,3,2,2
1617,54,2,3,1,2
1618,54,3,3,1,2
1619,54,4,3,1,1
1620,54,5,3,1,2
1621,54,6,3,1,1
1622,54,0,4,0.16805555555556895,1
1623,54,1,4,0.019444444444454256,1
1624,54,2,4,0.16805555555556895,1
1625,54,3,4,0.01944444444446236,1
1626,54,4,4,0.16805555555556895,1
1627,54,5,4,0.01944444444446014,1
1628,54,6,4,0.16805555555556895,1
1629,57,0,1,1,2
1630,57,1,1,0,2
1631,57,2,1,0,2
1632,57,3,1,0,0
1633,57,4,1,1,1
1634,57,0,2,1,1
1635,57,1,2,1,2
1636,57,2,2,3,3
1637,57,3,2,2,3
1638,57,4,2,2,3
1639,57,0,3,1,1
1640,57,1,3,1,2
1641,57,2,3,1,3
1642,57,3,3,1,1
1643,57,4,3,1,2
1644,57,0,4,0.16805555555556895,1
1645,57,1,4,0.3166666666666781,1
1646,57,2,4,0.019444444444464914,1
1647,57,3,4,0.1680555555555715,1
1648,57,4,4,0.01944444444446236,1
1649,58,0,1,1,2
1650,58,1,1,1,2
1651,58,2,1,1,1
1652,58,3,1,2,2
1653,58,0,2,1,1
1654,58,1,2,2,2
1655,58,2,2,1,2
1656,58,3,2,1,2
1657,58,0,3,1,1
1658,58,1,3,1,2
1659,58,2,3,1,1
1660,58,3,3,1,2
1661,58,0,4,0.16805555555556895,1
1662,58,1,4,0.01944444444446236,1
1663,58,2,4,0.16805555555556895,1
1664,58,3,4,0.01944444444446014,1
1665,59,0,1,1,2
1666,59,1,1,1,2
1667,59,2,1,1,1
1668,59,3,1,2,2
1669,59,4,1,1,2
1670,59,5,1,1,2
1671,59,6,1,1,1
1672,59,7,1,1,1
1673,59,8,1,1,2
1674,59,9,1,1,1
1675,59,10,1,2,2
1676,59,11,1,1,2
1677,59,12,1,1,2
1678,59,13,1,0,1
1679,59,14,1,0,1
1680,59,15,1,0,0
1681,59,16,1,0,0
1682,59,17,1,1,1
1683,59,0,2,1,1
1684,59,1,2,2,2
1685,59,2,2,1,2
1686,59,3,2,1,2
1687,59,4,2,1,1
1688,59,5,2,2,2
1689,59,6,2,2,2
1690,59,7,2,1,2
1691,59,8,2,1,2
1692,59,9,2,1,1
1693,59,10,2,1,2
1694,59,11,2,1,1
1695,59,12,2,1,2
1696,59,13,2,1,1
1697,59,14,2,2,2
1698,59,15,2,2,2
1699,59,16,2,1,2
1700,59,17,2,1,2
1701,59,0,3,1,1
1702,59,1,3,1,2
1703,59,2,3,1,1
1704,59,3,3,1,2
1705,59,4,3,1,1
1706,59,5,3,1,2
1707,59,6,3,1,1
1708,59,7,3,1,1
1709,59,8,3,2,2
1710,59,9,3,1,2
1711,59,10,3,1,2
1712,59,11,3,1,1
1713,59,12,3,2,2
1714,59,13,3,2,2
1715,59,14,3,2,3
1716,59,15,3,2,2
1717,59,16,3,2,2
1718,59,17,3,2,3
1719,59,0,4,0.16805555555556895,1
1720,59,1,4,0.01944444444446236,1
1721,59,2,4,0.16805555555556895,1
1722,59,3,4,0.01944444444446014,1
1723,59,4,4,0.16805555555556895,1
1724,59,5,4,0.01944444444446236,1
1725,59,6,4,0.01944444444446236,1
1726,59,7,4,0.16805555555556895,1
1727,59,8,4,0.019444444444454256,1
1728,59,9,4,0.16805555555556895,1
1729,59,10,4,0.01944444444446014,1
1730,59,11,4,0.16805555555556895,1
1731,59,12,4,0.019444444444454256,1
1732,59,13,4,0.1680555555555634,1
1733,59,14,4,0.01944444444445681,1
1734,59,15,4,0.01944444444445681,1
1735,59,16,4,0.1680555555555634,1
1736,59,17,4,0.019444444444454256,1
1737,60,0,1,1,2
1738,60,1,1,1,2
1739,60,2,1,1,1
1740,60,3,1,3,3
1741,60,4,1,2,3
1742,60,5,1,2,3
1743,60,0,2,1,1
1744,60,1,2,2,2
1745,60,2,2,0,2
1746,60,3,2,0,2
1747,60,4,2,0,0
1748,60,5,2,1,1
1749,60,0,3,1,1
1750,60,1,3,1,2
1751,60,2,3,1,1
1752,60,3,3,1,3
1753,60,4,3,1,1
1754,60,5,3,1,2
1755,60,0,4,0.16805555555556895,1
1756,60,1,4,0.01944444444446236,1
1757,60,2,4,0.31666666666667553,1
1758,60,3,4,0.019444444444457587,1
1759,60,4,4,0.16805555555556673,1
1760,60,5,4,0.01944444444446014,1
1761,61,0,1,2,2
1762,61,1,1,2,3
1763,61,2,1,1,2
1764,61,3,1,1,2
1765,61,4,1,1,1
1766,61,5,1,1,2
1767,61,6,1,1,1
1768,61,7,1,2,2
1769,61,8,1,2,2
1770,61,9,1,2,3
1771,61,10,1,2,2
1772,61,11,1,2,3
1773,61,12,1,1,2
1774,61,13,1,1,2
1775,61,14,1,1,1
1776,61,15,1,2,2
1777,61,0,2,1,1
1778,61,1,2,1,2
1779,61,2,2,1,1
1780,61,3,2,2,2
1781,61,4,2,2,2
1782,61,5,2,2,3
1783,61,6,2,1,2
1784,61,7,2,1,2
1785,61,8,2,1,1
1786,61,9,2,1,2
1787,61,10,2,0,1
1788,61,11,2,1,1
1789,61,12,2,1,1
1790,61,13,2,1,2
1791,61,14,2,1,1
1792,61,15,2,1,2
1793,61,0,3,0,1
1794,61,1,3,1,1
1795,61,2,3,1,1
1796,61,3,3,1,2
1797,61,4,3,0,1
1798,61,5,3,1,1
1799,61,6,3,1,1
1800,61,7,3,1,2
1801,61,8,3,0,1
1802,61,9,3,1,1
1803,61,10,3,1,1
1804,61,11,3,1,2
1805,61,12,3,1,1
1806,61,13,3,2,2
1807,61,14,3,1,2
1808,61,15,3,1,2
1809,61,0,4,0.16805555555557472,1
1810,61,1,4,0.01944444444446014,1
1811,61,2,4,0.16805555555556895,1
1812,61,3,4,0.01944444444446236,1
1813,61,4,4,0.16805555555557705,1
1814,61,5,4,0.01944444444446236,1
1815,61,6,4,0.16805555555556895,1
1816,61,7,4,0.01944444444446014,1
1817,61,8,4,0.16805555555557472,1
1818,61,9,4,0.01944444444446014,1
1819,61,10,4,0.16805555555556673,1
1820,61,11,4,0.01944444444446014,1
1821,61,12,4,0.16805555555556895,1
1822,61,13,4,0.019444444444454256,1
1823,61,14,4,0.16805555555556895,1
1824,61,15,4,0.01944444444446014,1
1825,62,0,1,1,2
1826,62,1,1,1,2
1827,62,2,1,1,1
1828,62,0,2,1,1
1829,62,1,2,2,2
1830,62,2,2,1,2
1831,62,0,3,1,1
1832,62,1,3,1,2
1833,62,2,3,1,1
1834,62,0,4,0.16805555555556895,1
1835,62,1,4,0.01944444444446236,1
1836,62,2,4,0.16805555555556895,1
1837,63,0,1,1,2
1838,63,0,2,1,1
1839,63,0,3,1,1
1840,63,0,4,0.16805555555556895,1
1841,65,0,1,2,3
1842,65,0,2,0,3
1843,65,0,3,0,3
1844,65,0,4,0.3166666666666813,1
1845,68,0,1,2,3
1846,68,1,1,1,3
1847,68,2,1,1,3
1848,68,3,1,1,3
1849,68,4,1,1,1
1850,68,5,1,1,2
1851,68,6,1,1,3
1852,68,7,1,2,2
1853,68,8,1,1,2
1854,68,9,1,0,2
1855,68,10,1,1,2
1856,68,11,1,0,2
1857,68,12,1,0,2
1858,68,13,1,1,1
1859,68,14,1,1,1
1860,68,0,2,0,3
1861,68,1,2,0,2
1862,68,2,2,1,3
1863,68,3,2,1,3
1864,68,4,2,1,1
1865,68,5,2,0,2
1866,68,6,2,1,2
1867,68,7,2,1,2
1868,68,8,2,1,1
1869,68,9,2,1,2
1870,68,10,2,1,3
1871,68,11,2,1,2
1872,68,12,2,1,3
1873,68,13,2,1,2
1874,68,14,2,1,1
1875,68,0,3,0,3
1876,68,1,3,0,2
1877,68,2,3,0,3
1878,68,3,3,2,2
1879,68,4,3,1,2
1880,68,5,3,1,2
1881,68,6,3,1,3
1882,68,7,3,1,2
1883,68,8,3,1,1
1884,68,9,3,1,2
1885,68,10,3,1,3
1886,68,11,3,1,2
1887,68,12,3,2,3
1888,68,13,3,2,3
1889,68,14,3,1,2
1890,68,0,4,0.3166666666666813,1
1891,68,1,4,0.4652777777777901,1
1892,68,2,4,0.31666666666668364,1
1893,68,3,4,0.019444444444454256,1
1894,68,4,4,0.16805555555556895,1
1895,68,5,4,0.31666666666667553,1
1896,68,6,4,0.16805555555556895,1
1897,68,7,4,0.01944444444446014,1
1898,68,8,4,0.16805555555556895,1
1899,68,9,4,0.3166666666666781,1
1900,68,10,4,0.16805555555556895,1
1901,68,11,4,0.3166666666666781,1
1902,68,12,4,0.1680555555555634,1
1903,68,13,4,0.019444444444454256,1
1904,68,14,4,0.16805555555556895,1
1905,69,0,1,2,3
1906,69,1,1,2,3
1907,69,0,2,0,3
1908,69,1,2,1,2
1909,69,0,3,0,3
1910,69,1,3,0,2
1911,69,0,4,0.3166666666666813,1
1912,69,1,4,0.16805555555557472,1
1913,70,0,1,3,3
1914,70,1,1,2,3
1915,70,2,1,1,3
1916,70,3,1,1,3
1917,70,4,1,1,1
1918,70,5,1,1,2
1919,70,6,1,1,1
1920,70,7,1,1,2
1921,70,8,1,1,1
1922,70,9,1,2,2
1923,70,10,1,1,2
1924,70,11,1,1,2
1925,70,0,2,0,3
1926,70,1,2,0,1
1927,70,2,2,0,2
1928,70,3,2,3,3
1929,70,4,2,2,3
1930,70,5,2,2,3
1931,70,6,2,1,2
1932,70,7,2,1,2
1933,70,8,2,1,1
1934,70,9,2,1,2
1935,70,10,2,1,1
1936,70,11,2,2,2
1937,70,0,3,0,3
1938,70,1,3,0,1
1939,70,2,3,0,2
1940,70,3,3,0,3
1941,70,4,3,0,0
1942,70,5,3,1,1
1943,70,6,3,1,1
1944,70,7,3,2,2
1945,70,8,3,1,2
1946,70,9,3,1,2
1947,70,10,3,1,1
1948,70,11,3,1,2
1949,70,0,4,0.16805555555557228,1
1950,70,1,4,0.3166666666666813,1
1951,70,2,4,0.4652777777777901,1
1952,70,3,4,0.019444444444470466,1
1953,70,4,4,0.16805555555557705,1
1954,70,5,4,0.01944444444446236,1
1955,70,6,4,0.16805555555556895,1
1956,70,7,4,0.019444444444454256,1
1957,70,8,4,0.16805555555556895,1
1958,70,9,4,0.01944444444446014,1
1959,70,10,4,0.16805555555556895,1
1960,70,11,4,0.01944444444446236,1
1961,71,0,1,3,3
1962,71,1,1,3,3
1963,71,2,1,2,3
1964,71,3,1,2,3
1965,71,4,1,1,2
1966,71,5,1,1,2
1967,71,6,1,1,1
1968,71,7,1,1,2
1969,71,8,1,1,3
1970,71,9,1,1,1
1971,71,10,1,1,2
1972,71,0,2,0,3
1973,71,1,2,1,1
1974,71,2,2,1,1
1975,71,3,2,2,2
1976,71,4,2,2,2
1977,71,5,2,2,3
1978,71,6,2,2,2
1979,71,7,2,1,3
1980,71,8,2,1,3
1981,71,9,2,1,1
1982,71,10,2,1,2
1983,71,0,3,0,3
1984,71,1,3,0,1
1985,71,2,3,0,0
1986,71,3,3,0,1
1987,71,4,3,0,0
1988,71,5,3,1,1
1989,71,6,3,0,1
1990,71,7,3,0,1
1991,71,8,3,2,2
1992,71,9,3,1,2
1993,71,10,3,0,2
1994,71,0,4,0.16805555555557228,1
1995,71,1,4,0.01944444444446569,1
1996,71,2,4,0.16805555555557472,1
1997,71,3,4,0.019444444444468245,1
1998,71,4,4,0.16805555555557705,1
1999,71,5,4,0.01944444444446236,1
2000,71,6,4,0.16805555555557705,1
2001,71,7,4,0.31666666666668364,1
2002,71,8,4,0.019444444444454256,1
2003,71,9,4,0.16805555555556895,1
2004,71,10,4,0.31666666666668364,1
2005,72,0,1,3,3
2006,72,1,1,2,3
2007,72,2,1,2,3
2008,72,3,1,2,3
2009,72,4,1,2,2
2010,72,0,2,0,3
2011,72,1,2,0,1
2012,72,2,2,1,2
2013,72,3,2,1,2
2014,72,4,2,0,1
2015,72,0,3,0,3
2016,72,1,3,0,1
2017,72,2,3,0,2
2018,72,3,3,1,1
2019,72,4,3,1,1
2020,72,0,4,0.16805555555557228,1
2021,72,1,4,0.3166666666666813,1
2022,72,2,4,0.16805555555557472,1
2023,72,3,4,0.01944444444446014,1
2024,72,4,4,0.16805555555556673,1
2025,73,0,1,0,3
2026,73,1,1,0,3
2027,73,2,1,0,0
2028,73,3,1,0,1
2029,73,4,1,0,2
2030,73,5,1,0,1
2031,73,0,2,1,3
2032,73,1,2,1,3
2033,73,2,2,1,1
2034,73,3,2,1,2
2035,73,4,2,1,3
2036,73,5,2,0,2
2037,73,0,3,0,3
2038,73,1,3,3,3
2039,73,2,3,2,3
2040,73,3,3,1,3
2041,73,4,3,2,3
2042,73,5,3,2,3
2043,73,0,4,0.46527777777779267,1
2044,73,1,4,0.019444444444448705,1
2045,73,2,4,0.1680555555555634,1
2046,73,3,4,0.3166666666666781,1
2047,73,4,4,0.1680555555555634,1
2048,73,5,4,0.31666666666667,1
2049,74,0,1,3,3
2050,74,1,1,2,3
2051,74,2,1,2,3
2052,74,3,1,2,2
2053,74,4,1,2,3
2054,74,5,1,2,2
2055,74,6,1,2,3
2056,74,7,1,2,3
2057,74,8,1,2,3
2058,74,9,1,2,3
2059,74,10,1,2,3
2060,74,0,2,0,3
2061,74,1,2,0,1
2062,74,2,2,2,2
2063,74,3,2,1,2
2064,74,4,2,1,2
2065,74,5,2,1,1
2066,74,6,2,0,2
2067,74,7,2,1,2
2068,74,8,2,0,2
2069,74,9,2,1,2
2070,74,10,2,0,2
2071,74,0,3,0,3
2072,74,1,3,0,1
2073,74,2,3,0,2
2074,74,3,3,0,0
2075,74,4,3,1,1
2076,74,5,3,0,1
2077,74,6,3,0,1
2078,74,7,3,0,2
2079,74,8,3,0,1
2080,74,9,3,0,2
2081,74,10,3,0,1
2082,74,0,4,0.16805555555557228,1
2083,74,1,4,0.3166666666666813,1
2084,74,2,4,0.019444444444468245,1
2085,74,3,4,0.16805555555557472,1
2086,74,4,4,0.01944444444446014,1
2087,74,5,4,0.16805555555557472,1
2088,74,6,4,0.3166666666666813,1
2089,74,7,4,0.16805555555557472,1
2090,74,8,4,0.3166666666666813,1
2091,74,9,4,0.16805555555557472,1
2092,74,10,4,0.3166666666666813,1
2093,75,0,1,3,3
2094,75,1,1,3,3
2095,75,2,1,2,3
2096,75,3,1,2,3
2097,75,4,1,1,2
2098,75,5,1,2,2
2099,75,6,1,1,2
2100,75,7,1,0,2
2101,75,8,1,0,2
2102,75,9,1,0,1
2103,75,10,1,0,0
2104,75,11,1,0,2
2105,75,12,1,0,1
2106,75,13,1,1,2
2107,75,14,1,2,2
2108,75,15,1,1,2
2109,75,16,1,0,2
2110,75,17,1,0,2
2111,75,18,1,0,0
2112,75,19,1,0,2
2113,75,20,1,0,1
2114,75,21,1,0,2
2115,75,22,1,0,1
2116,75,23,1,0,0
2117,75,24,1,1,2
2118,75,25,1,1,2
2119,75,26,1,1,1
2120,75,27,1,1,2
2121,75,28,1,1,1
2122,75,29,1,2,2
2123,75,30,1,1,2
2124,75,31,1,0,2
2125,75,32,1,1,2
2126,75,33,1,0,2
2127,75,0,2,0,3
2128,75,1,2,1,1
2129,75,2,2,1,1
2130,75,3,2,1,2
2131,75,4,2,1,1
2132,75,5,2,1,2
2133,75,6,2,1,1
2134,75,7,2,1,2
2135,75,8,2,2,3
2136,75,9,2,2,3
2137,75,10,2,2,2
2138,75,11,2,2,3
2139,75,12,2,1,3
2140,75,13,2,1,3
2141,75,14,2,1,2
2142,75,15,2,1,1
2143,75,16,2,1,2
2144,75,17,2,3,3
2145,75,18,2,1,3
2146,75,19,2,2,3
2147,75,20,2,1,3
2148,75,21,2,1,3
2149,75,22,2,1,2
2150,75,23,2,1,1
2151,75,24,2,1,3
2152,75,25,2,2,2
2153,75,26,2,2,2
2154,75,27,2,2,3
2155,75,28,2,1,2
2156,75,29,2,1,2
2157,75,30,2,1,1
2158,75,31,2,1,2
2159,75,32,2,1,3
2160,75,33,2,1,2
2161,75,0,3,0,3
2162,75,1,3,0,1
2163,75,2,3,0,0
2164,75,3,3,1,1
2165,75,4,3,1,1
2166,75,5,3,1,2
2167,75,6,3,1,1
2168,75,7,3,1,2
2169,75,8,3,1,3
2170,75,9,3,2,2
2171,75,10,3,0,2
2172,75,11,3,1,2
2173,75,12,3,1,2
2174,75,13,3,1,3
2175,75,14,3,1,2
2176,75,15,3,1,1
2177,75,16,3,1,2
2178,75,17,3,1,3
2179,75,18,3,1,1
2180,75,19,3,1,3
2181,75,20,3,1,2
2182,75,21,3,2,3
2183,75,22,3,3,3
2184,75,23,3,1,3
2185,75,24,3,1,3
2186,75,25,3,1,2
2187,75,26,3,0,1
2188,75,27,3,1,1
2189,75,28,3,1,1
2190,75,29,3,1,2
2191,75,30,3,1,1
2192,75,31,3,1,2
2193,75,32,3,1,3
2194,75,33,3,1,2
2195,75,0,4,0.16805555555557228,1
2196,75,1,4,0.01944444444446569,1
2197,75,2,4,0.16805555555557472,1
2198,75,3,4,0.01944444444446014,1
2199,75,4,4,0.16805555555556895,1
2200,75,5,4,0.01944444444446014,1
2201,75,6,4,0.16805555555556895,1
2202,75,7,4,0.3166666666666781,1
2203,75,8,4,0.1680555555555715,1
2204,75,9,4,0.01944444444445681,1
2205,75,10,4,0.3166666666666861,1
2206,75,11,4,0.1680555555555715,1
2207,75,12,4,0.3166666666666781,1
2208,75,13,4,0.16805555555556895,1
2209,75,14,4,0.01944444444446014,1
2210,75,15,4,0.16805555555556895,1
2211,75,16,4,0.3166666666666781,1
2212,75,17,4,0.019444444444464914,1
2213,75,18,4,0.3166666666666781,1
2214,75,19,4,0.1680555555555715,1
2215,75,20,4,0.3166666666666781,1
2216,75,21,4,0.1680555555555634,1
2217,75,22,4,0.019444444444448705,1
2218,75,23,4,0.3166666666666781,1
2219,75,24,4,0.16805555555556895,1
2220,75,25,4,0.01944444444446236,1
2221,75,26,4,0.16805555555557705,1
2222,75,27,4,0.01944444444446236,1
2223,75,28,4,0.16805555555556895,1
2224,75,29,4,0.01944444444446014,1
2225,75,30,4,0.16805555555556895,1
2226,75,31,4,0.3166666666666781,1
2227,75,32,4,0.16805555555556895,1
2228,75,33,4,0.3166666666666781,1
2229,76,0,1,3,3
2230,76,1,1,3,3
2231,76,2,1,0,3
2232,76,3,1,3,3
2233,76,4,1,2,3
2234,76,5,1,1,3
2235,76,6,1,2,3
2236,76,7,1,2,3
2237,76,8,1,2,2
2238,76,9,1,3,3
2239,76,10,1,2,3
2240,76,11,1,1,3
2241,76,12,1,1,3
2242,76,13,1,2,3
2243,76,14,1,2,3
2244,76,15,1,2,2
2245,76,16,1,2,3
2246,76,17,1,2,2
2247,76,18,1,2,3
2248,76,19,1,2,3
2249,76,0,2,0,3
2250,76,1,2,1,1
2251,76,2,2,1,3
2252,76,3,2,1,3
2253,76,4,2,1,1
2254,76,5,2,1,2
2255,76,6,2,1,3
2256,76,7,2,1,2
2257,76,8,2,0,1
2258,76,9,2,0,1
2259,76,10,2,0,0
2260,76,11,2,0,1
2261,76,12,2,0,2
2262,76,13,2,0,2
2263,76,14,2,1,1
2264,76,15,2,1,1
2265,76,16,2,2,2
2266,76,17,2,1,2
2267,76,18,2,0,2
2268,76,19,2,1,2
2269,76,0,3,0,3
2270,76,1,3,0,1
2271,76,2,3,0,3
2272,76,3,3,0,3
2273,76,4,3,0,0
2274,76,5,3,0,1
2275,76,6,3,0,2
2276,76,7,3,1,1
2277,76,8,3,1,1
2278,76,9,3,1,2
2279,76,10,3,1,1
2280,76,11,3,1,2
2281,76,12,3,1,3
2282,76,13,3,1,3
2283,76,14,3,1,2
2284,76,15,3,0,1
2285,76,16,3,0,1
2286,76,17,3,0,0
2287,76,18,3,0,1
2288,76,19,3,0,2
2289,76,0,4,0.16805555555557228,1
2290,76,1,4,0.01944444444446569,1
2291,76,2,4,0.46527777777779267,1
2292,76,3,4,0.01944444444446569,1
2293,76,4,4,0.16805555555557472,1
2294,76,5,4,0.31666666666668364,1
2295,76,6,4,0.16805555555557472,1
2296,76,7,4,0.01944444444446014,1
2297,76,8,4,0.16805555555556673,1
2298,76,9,4,0.019444444444457587,1
2299,76,10,4,0.16805555555556673,1
2300,76,11,4,0.31666666666667553,1
2301,76,12,4,0.31666666666667553,1
2302,76,13,4,0.16805555555556673,1
2303,76,14,4,0.01944444444446014,1
2304,76,15,4,0.16805555555557472,1
2305,76,16,4,0.019444444444468245,1
2306,76,17,4,0.16805555555557472,1
2307,76,18,4,0.3166666666666813,1
2308,76,19,4,0.16805555555557472,1
2309,77,0,1,3,3
2310,77,1,1,3,3
2311,77,2,1,3,3
2312,77,3,1,2,3
2313,77,4,1,1,3
2314,77,5,1,1,3
2315,77,6,1,1,3
2316,77,7,1,2,2
2317,77,8,1,1,2
2318,77,0,2,0,3
2319,77,1,2,1,1
2320,77,2,2,0,1
2321,77,3,2,0,1
2322,77,4,2,0,2
2323,77,5,2,0,3
2324,77,6,2,1,2
2325,77,7,2,1,2
2326,77,8,2,1,1
2327,77,0,3,0,3
2328,77,1,3,0,1
2329,77,2,3,0,0
2330,77,3,3,0,1
2331,77,4,3,0,2
2332,77,5,3,1,3
2333,77,6,3,1,3
2334,77,7,3,1,2
2335,77,8,3,1,1
2336,77,0,4,0.16805555555557228,1
2337,77,1,4,0.01944444444446569,1
2338,77,2,4,0.16805555555557228,1
2339,77,3,4,0.3166666666666813,1
2340,77,4,4,0.4652777777777901,1
2341,77,5,4,0.31666666666667553,1
2342,77,6,4,0.16805555555556895,1
2343,77,7,4,0.01944444444446014,1
2344,77,8,4,0.16805555555556895,1
2345,78,0,1,0,3
2346,78,1,1,0,1
2347,78,2,1,2,2
2348,78,3,1,1,2
2349,78,4,1,1,2
2350,78,0,2,0,3
2351,78,1,2,0,1
2352,78,2,2,0,2
2353,78,3,2,0,0
2354,78,4,2,1,1
2355,78,0,3,3,3
2356,78,1,3,2,3
2357,78,2,3,2,3
2358,78,3,3,2,2
2359,78,4,3,2,3
2360,78,0,4,0.1680555555555553,1
2361,78,1,4,0.31666666666667,1
2362,78,2,4,0.019444444444452036,1
2363,78,3,4,0.16805555555556084,1
2364,78,4,4,0.019444444444454256,1
2365,79,0,1,3,3
2366,79,1,1,3,3
2367,79,2,1,3,3
2368,79,3,1,2,3
2369,79,4,1,2,3
2370,79,5,1,2,3
2371,79,6,1,1,2
2372,79,7,1,1,2
2373,79,8,1,1,1
2374,79,9,1,2,2
2375,79,10,1,2,2
2376,79,11,1,2,3
2377,79,12,1,2,2
2378,79,13,1,2,3
2379,79,14,1,1,2
2380,79,15,1,1,2
2381,79,16,1,1,1
2382,79,0,2,0,3
2383,79,1,2,1,1
2384,79,2,2,0,1
2385,79,3,2,0,1
2386,79,4,2,0,2
2387,79,5,2,1,1
2388,79,6,2,1,1
2389,79,7,2,2,2
2390,79,8,2,1,2
2391,79,9,2,1,2
2392,79,10,2,0,1
2393,79,11,2,1,1
2394,79,12,2,1,1
2395,79,13,2,1,2
2396,79,14,2,1,1
2397,79,15,2,2,2
2398,79,16,2,1,2
2399,79,0,3,0,3
2400,79,1,3,0,1
2401,79,2,3,0,0
2402,79,3,3,0,1
2403,79,4,3,1,2
2404,79,5,3,1,2
2405,79,6,3,1,1
2406,79,7,3,1,2
2407,79,8,3,1,1
2408,79,9,3,1,2
2409,79,10,3,1,1
2410,79,11,3,1,2
2411,79,12,3,0,1
2412,79,13,3,1,1
2413,79,14,3,1,1
2414,79,15,3,1,2
2415,79,16,3,1,1
2416,79,0,4,0.16805555555557228,1
2417,79,1,4,0.01944444444446569,1
2418,79,2,4,0.16805555555557228,1
2419,79,3,4,0.3166666666666813,1
2420,79,4,4,0.16805555555556673,1
2421,79,5,4,0.01944444444446014,1
2422,79,6,4,0.16805555555556895,1
2423,79,7,4,0.01944444444446236,1
2424,79,8,4,0.16805555555556895,1
2425,79,9,4,0.01944444444446014,1
2426,79,10,4,0.16805555555556673,1
2427,79,11,4,0.01944444444446014,1
2428,79,12,4,0.16805555555557472,1
2429,79,13,4,0.01944444444446014,1
2430,79,14,4,0.16805555555556895,1
2431,79,15,4,0.01944444444446236,1
2432,79,16,4,0.16805555555556895,1
2433,80,0,1,3,3
2434,80,1,1,3,3
2435,80,2,1,2,3
2436,80,3,1,2,3
2437,80,4,1,1,2
2438,80,5,1,2,3
2439,80,6,1,2,3
2440,80,7,1,2,2
2441,80,8,1,2,3
2442,80,9,1,0,3
2443,80,10,1,0,1
2444,80,11,1,0,2
2445,80,12,1,0,3
2446,80,13,1,2,2
2447,80,0,2,0,3
2448,80,1,2,1,1
2449,80,2,2,1,1
2450,80,3,2,1,2
2451,80,4,2,1,1
2452,80,5,2,0,3
2453,80,6,2,2,2
2454,80,7,2,1,2
2455,80,8,2,1,2
2456,80,9,2,3,3
2457,80,10,2,2,3
2458,80,11,2,1,3
2459,80,12,2,1,3
2460,80,13,2,1,3
2461,80,0,3,0,3
2462,80,1,3,0,1
2463,80,2,3,0,0
2464,80,3,3,1,1
2465,80,4,3,1,1
2466,80,5,3,0,3
2467,80,6,3,0,2
2468,80,7,3,0,0
2469,80,8,3,1,1
2470,80,9,3,0,3
2471,80,10,3,0,1
2472,80,11,3,0,2
2473,80,12,3,1,3
2474,80,13,3,1,3
2475,80,0,4,0.16805555555557228,1
2476,80,1,4,0.01944444444446569,1
2477,80,2,4,0.16805555555557472,1
2478,80,3,4,0.01944444444446014,1
2479,80,4,4,0.16805555555556895,1
2480,80,5,4,0.3166666666666813,1
2481,80,6,4,0.019444444444468245,1
2482,80,7,4,0.16805555555557472,1
2483,80,8,4,0.01944444444446014,1
2484,80,9,4,0.1680555555555796,1
2485,80,10,4,0.3166666666666861,1
2486,80,11,4,0.46527777777779267,1
2487,80,12,4,0.3166666666666781,1
2488,80,13,4,0.01944444444446014,1
2489,81,0,1,3,3
2490,81,1,1,1,3
2491,81,2,1,2,3
2492,81,3,1,1,3
2493,81,4,1,2,3
2494,81,5,1,1,3
2495,81,6,1,0,3
2496,81,7,1,1,3
2497,81,8,1,1,3
2498,81,9,1,1,3
2499,81,10,1,2,2
2500,81,11,1,0,2
2501,81,12,1,0,2
2502,81,13,1,0,3
2503,81,14,1,0,2
2504,81,15,1,1,3
2505,81,0,2,0,3
2506,81,1,2,0,1
2507,81,2,2,0,3
2508,81,3,2,0,2
2509,81,4,2,0,3
2510,81,5,2,0,2
2511,81,6,2,0,3
2512,81,7,2,0,3
2513,81,8,2,1,3
2514,81,9,2,1,3
2515,81,10,2,1,2
2516,81,11,2,1,1
2517,81,12,2,1,3
2518,81,13,2,1,3
2519,81,14,2,0,3
2520,81,15,2,0,3
2521,81,0,3,0,3
2522,81,1,3,0,1
2523,81,2,3,0,3
2524,81,3,3,0,2
2525,81,4,3,0,3
2526,81,5,3,0,2
2527,81,6,3,0,3
2528,81,7,3,0,3
2529,81,8,3,0,3
2530,81,9,3,1,2
2531,81,10,3,1,2
2532,81,11,3,1,1
2533,81,12,3,0,3
2534,81,13,3,1,3
2535,81,14,3,1,3
2536,81,15,3,1,3
2537,81,0,4,0.16805555555557228,1
2538,81,1,4,0.4652777777777901,1
2539,81,2,4,0.3166666666666813,1
2540,81,3,4,0.4652777777777901,1
2541,81,4,4,0.3166666666666813,1
2542,81,5,4,0.4652777777777901,1
2543,81,6,4,0.6138888888888993,1
2544,81,7,4,0.4652777777777901,1
2545,81,8,4,0.31666666666668364,1
2546,81,9,4,0.16805555555556895,1
2547,81,10,4,0.01944444444446014,1
2548,81,11,4,0.3166666666666781,1
2549,81,12,4,0.46527777777779267,1
2550,81,13,4,0.3166666666666781,1
2551,81,14,4,0.46527777777778456,1
2552,81,15,4,0.31666666666667553,1
2553,82,0,1,3,3
2554,82,1,1,2,3
2555,82,2,1,1,3
2556,82,3,1,1,3
2557,82,4,1,1,1
2558,82,5,1,1,2
2559,82,6,1,1,1
2560,82,7,1,2,2
2561,82,8,1,1,2
2562,82,9,1,2,2
2563,82,10,1,1,2
2564,82,11,1,1,2
2565,82,12,1,1,1
2566,82,0,2,0,3
2567,82,1,2,0,1
2568,82,2,2,0,2
2569,82,3,2,3,3
2570,82,4,2,2,3
2571,82,5,2,2,3
2572,82,6,2,1,2
2573,82,7,2,1,2
2574,82,8,2,1,1
2575,82,9,2,1,2
2576,82,10,2,1,1
2577,82,11,2,1,2
2578,82,12,2,1,1
2579,82,0,3,0,3
2580,82,1,3,0,1
2581,82,2,3,0,2
2582,82,3,3,0,3
2583,82,4,3,0,0
2584,82,5,3,1,1
2585,82,6,3,1,1
2586,82,7,3,1,2
2587,82,8,3,1,1
2588,82,9,3,1,2
2589,82,10,3,1,1
2590,82,11,3,2,2
2591,82,12,3,1,2
2592,82,0,4,0.16805555555557228,1
2593,82,1,4,0.3166666666666813,1
2594,82,2,4,0.4652777777777901,1
2595,82,3,4,0.019444444444470466,1
2596,82,4,4,0.16805555555557705,1
2597,82,5,4,0.01944444444446236,1
2598,82,6,4,0.16805555555556895,1
2599,82,7,4,0.01944444444446014,1
2600,82,8,4,0.16805555555556895,1
2601,82,9,4,0.01944444444446014,1
2602,82,10,4,0.16805555555556895,1
2603,82,11,4,0.019444444444454256,1
2604,82,12,4,0.16805555555556895,1
2605,83,0,1,3,3
2606,83,1,1,2,3
2607,83,2,1,2,3
2608,83,3,1,2,3
2609,83,4,1,1,2
2610,83,5,1,1,2
2611,83,6,1,1,3
2612,83,7,1,1,1
2613,83,8,1,1,2
2614,83,9,1,1,1
2615,83,10,1,2,2
2616,83,11,1,1,2
2617,83,0,2,0,3
2618,83,1,2,0,1
2619,83,2,2,0,3
2620,83,3,2,2,2
2621,83,4,2,2,2
2622,83,5,2,1,3
2623,83,6,2,1,3
2624,83,7,2,1,1
2625,83,8,2,2,2
2626,83,9,2,1,2
2627,83,10,2,1,2
2628,83,11,2,1,1
2629,83,0,3,0,3
2630,83,1,3,0,1
2631,83,2,3,0,3
2632,83,3,3,0,2
2633,83,4,3,0,0
2634,83,5,3,0,1
2635,83,6,3,2,2
2636,83,7,3,1,2
2637,83,8,3,1,2
2638,83,9,3,1,1
2639,83,10,3,1,2
2640,83,11,3,1,1
2641,83,0,4,0.16805555555557228,1
2642,83,1,4,0.3166666666666813,1
2643,83,2,4,0.3166666666666813,1
2644,83,3,4,0.019444444444468245,1
2645,83,4,4,0.16805555555557705,1
2646,83,5,4,0.31666666666668364,1
2647,83,6,4,0.019444444444454256,1
2648,83,7,4,0.16805555555556895,1
2649,83,8,4,0.01944444444446236,1
2650,83,9,4,0.16805555555556895,1
2651,83,10,4,0.01944444444446014,1
2652,83,11,4,0.16805555555556895,1
2653,84,0,1,2,3
2654,84,1,1,1,3
2655,84,2,1,1,3
2656,84,0,2,0,3
2657,84,1,2,0,2
2658,84,2,2,1,3
2659,84,0,3,0,3
2660,84,1,3,0,2
2661,84,2,3,0,3
2662,84,0,4,0.3166666666666813,1
2663,84,1,4,0.4652777777777901,1
2664,84,2,4,0.31666666666668364,1
2665,85,0,1,0,3
2666,85,1,1,1,1
2667,85,2,1,1,1
2668,85,3,1,1,3
2669,85,4,1,1,2
2670,85,5,1,1,3
2671,85,6,1,2,2
2672,85,7,1,1,2
2673,85,8,1,0,2
2674,85,9,1,1,2
2675,85,10,1,2,2
2676,85,11,1,2,2
2677,85,12,1,2,3
2678,85,13,1,3,3
2679,85,14,1,3,3
2680,85,15,1,3,3
2681,85,16,1,2,3
2682,85,17,1,2,3
2683,85,18,1,2,3
2684,85,19,1,1,2
2685,85,0,2,3,3
2686,85,1,2,3,3
2687,85,2,2,1,3
2688,85,3,2,2,3
2689,85,4,2,1,3
2690,85,5,2,1,3
2691,85,6,2,1,2
2692,85,7,2,1,1
2693,85,8,2,1,2
2694,85,9,2,1,3
2695,85,10,2,1,2
2696,85,11,2,1,1
2697,85,12,2,0,2
2698,85,13,2,0,2
2699,85,14,2,1,1
2700,85,15,2,0,1
2701,85,16,2,0,1
2702,85,17,2,1,2
2703,85,18,2,1,2
2704,85,19,2,1,1
2705,85,0,3,0,3
2706,85,1,3,0,1
2707,85,2,3,0,0
2708,85,3,3,0,2
2709,85,4,3,0,1
2710,85,5,3,1,2
2711,85,6,3,1,2
2712,85,7,3,1,1
2713,85,8,3,1,2
2714,85,9,3,1,3
2715,85,10,3,1,2
2716,85,11,3,0,1
2717,85,12,3,0,1
2718,85,13,3,0,2
2719,85,14,3,0,1
2720,85,15,3,0,0
2721,85,16,3,0,1
2722,85,17,3,0,2
2723,85,18,3,1,1
2724,85,19,3,1,1
2725,85,0,4,0.1680555555555796,1
2726,85,1,4,0.019444444444470466,1
2727,85,2,4,0.31666666666668364,1
2728,85,3,4,0.16805555555557705,1
2729,85,4,4,0.31666666666668364,1
2730,85,5,4,0.16805555555556895,1
2731,85,6,4,0.01944444444446014,1
2732,85,7,4,0.16805555555556895,1
2733,85,8,4,0.3166666666666781,1
2734,85,9,4,0.16805555555556895,1
2735,85,10,4,0.01944444444446014,1
2736,85,11,4,0.16805555555557472,1
2737,85,12,4,0.3166666666666813,1
2738,85,13,4,0.16805555555557228,1
2739,85,14,4,0.01944444444446569,1
2740,85,15,4,0.16805555555557228,1
2741,85,16,4,0.3166666666666813,1
2742,85,17,4,0.16805555555557472,1
2743,85,18,4,0.01944444444446014,1
2744,85,19,4,0.16805555555556895,1
2745,86,0,1,3,3
2746,86,1,1,3,3
2747,86,2,1,3,3
2748,86,3,1,2,3
2749,86,4,1,2,3
2750,86,5,1,2,2
2751,86,6,1,2,3
2752,86,7,1,1,2
2753,86,8,1,1,2
2754,86,9,1,0,1
2755,86,10,1,0,1
2756,86,11,1,0,0
2757,86,12,1,1,1
2758,86,13,1,0,1
2759,86,14,1,1,1
2760,86,15,1,0,1
2761,86,16,1,1,1
2762,86,17,1,1,1
2763,86,18,1,1,2
2764,86,19,1,1,1
2765,86,20,1,1,1
2766,86,21,1,2,2
2767,86,22,1,2,2
2768,86,23,1,2,3
2769,86,24,1,1,2
2770,86,25,1,1,2
2771,86,26,1,1,1
2772,86,27,1,2,2
2773,86,28,1,1,2
2774,86,29,1,1,2
2775,86,30,1,1,1
2776,86,31,1,1,2
2777,86,32,1,0,1
2778,86,33,1,0,1
2779,86,34,1,0,0
2780,86,35,1,1,1
2781,86,36,1,1,1
2782,86,37,1,2,2
2783,86,0,2,0,3
2784,86,1,2,1,1
2785,86,2,2,0,1
2786,86,3,2,0,1
2787,86,4,2,2,2
2788,86,5,2,1,2
2789,86,6,2,1,2
2790,86,7,2,1,1
2791,86,8,2,2,2
2792,86,9,2,2,2
2793,86,10,2,3,3
2794,86,11,2,2,3
2795,86,12,2,2,3
2796,86,13,2,2,2
2797,86,14,2,2,3
2798,86,15,2,2,2
2799,86,16,2,2,3
2800,86,17,2,1,2
2801,86,18,2,1,2
2802,86,19,2,1,1
2803,86,20,2,0,1
2804,86,21,2,0,1
2805,86,22,2,0,0
2806,86,23,2,1,1
2807,86,24,2,1,1
2808,86,25,2,2,2
2809,86,26,2,1,2
2810,86,27,2,1,2
2811,86,28,2,1,1
2812,86,29,2,1,2
2813,86,30,2,1,1
2814,86,31,2,2,2
2815,86,32,2,2,2
2816,86,33,2,3,3
2817,86,34,2,2,3
2818,86,35,2,2,3
2819,86,36,2,1,2
2820,86,37,2,1,2
2821,86,0,3,0,3
2822,86,1,3,0,1
2823,86,2,3,0,0
2824,86,3,3,0,1
2825,86,4,3,0,2
2826,86,5,3,0,0
2827,86,6,3,1,1
2828,86,7,3,1,1
2829,86,8,3,1,2
2830,86,9,3,1,1
2831,86,10,3,1,2
2832,86,11,3,1,1
2833,86,12,3,1,2
2834,86,13,3,1,1
2835,86,14,3,1,2
2836,86,15,3,1,1
2837,86,16,3,1,2
2838,86,17,3,1,1
2839,86,18,3,2,2
2840,86,19,3,2,2
2841,86,20,3,2,2
2842,86,21,3,2,3
2843,86,22,3,1,2
2844,86,23,3,1,2
2845,86,24,3,1,1
2846,86,25,3,1,2
2847,86,26,3,1,1
2848,86,27,3,1,2
2849,86,28,3,1,1
2850,86,29,3,2,2
2851,86,30,3,1,2
2852,86,31,3,1,2
2853,86,32,3,1,1
2854,86,33,3,1,2
2855,86,34,3,1,1
2856,86,35,3,1,2
2857,86,36,3,1,1
2858,86,37,3,1,2
2859,86,0,4,0.16805555555557228,1
2860,86,1,4,0.01944444444446569,1
2861,86,2,4,0.16805555555557228,1
2862,86,3,4,0.3166666666666813,1
2863,86,4,4,0.019444444444468245,1
2864,86,5,4,0.16805555555557472,1
2865,86,6,4,0.01944444444446014,1
2866,86,7,4,0.16805555555556895,1
2867,86,8,4,0.01944444444446236,1
2868,86,9,4,0.1680555555555715,1
2869,86,10,4,0.019444444444464914,1
2870,86,11,4,0.1680555555555715,1
2871,86,12,4,0.01944444444446236,1
2872,86,13,4,0.1680555555555715,1
2873,86,14,4,0.01944444444446236,1
2874,86,15,4,0.1680555555555715,1
2875,86,16,4,0.01944444444446236,1
2876,86,17,4,0.16805555555556895,1
2877,86,18,4,0.019444444444454256,1
2878,86,19,4,0.019444444444454256,1
2879,86,20,4,0.16805555555556084,1
2880,86,21,4,0.019444444444452036,1
2881,86,22,4,0.16805555555556673,1
2882,86,23,4,0.01944444444446014,1
2883,86,24,4,0.16805555555556895,1
2884,86,25,4,0.01944444444446236,1
2885,86,26,4,0.16805555555556895,1
2886,86,27,4,0.01944444444446014,1
2887,86,28,4,0.16805555555556895,1
2888,86,29,4,0.019444444444454256,1
2889,86,30,4,0.16805555555556895,1
2890,86,31,4,0.01944444444446236,1
2891,86,32,4,0.1680555555555715,1
2892,86,33,4,0.019444444444464914,1
2893,86,34,4,0.1680555555555715,1
2894,86,35,4,0.01944444444446236,1
2895,86,36,4,0.16805555555556895,1
2896,86,37,4,0.01944444444446014,1
2897,87,0,1,3,3
2898,87,1,1,2,3
2899,87,2,1,3,3
2900,87,3,1,0,3
2901,87,4,1,3,3
2902,87,5,1,3,3
2903,87,6,1,2,3
2904,87,7,1,2,3
2905,87,8,1,1,2
2906,87,9,1,2,2
2907,87,10,1,1,2
2908,87,11,1,1,2
2909,87,0,2,0,3
2910,87,1,2,0,1
2911,87,2,2,0,2
2912,87,3,2,0,1
2913,87,4,2,0,3
2914,87,5,2,1,1
2915,87,6,2,1,1
2916,87,7,2,1,2
2917,87,8,2,1,1
2918,87,9,2,1,2
2919,87,10,2,1,1
2920,87,11,2,2,2
2921,87,0,3,0,3
2922,87,1,3,0,1
2923,87,2,3,0,2
2924,87,3,3,0,1
2925,87,4,3,0,3
2926,87,5,3,0,1
2927,87,6,3,0,0
2928,87,7,3,1,1
2929,87,8,3,1,1
2930,87,9,3,1,2
2931,87,10,3,1,1
2932,87,11,3,1,2
2933,87,0,4,0.16805555555557228,1
2934,87,1,4,0.3166666666666813,1
2935,87,2,4,0.16805555555557228,1
2936,87,3,4,0.6138888888888993,1
2937,87,4,4,0.16805555555557228,1
2938,87,5,4,0.01944444444446569,1
2939,87,6,4,0.16805555555557472,1
2940,87,7,4,0.01944444444446014,1
2941,87,8,4,0.16805555555556895,1
2942,87,9,4,0.01944444444446014,1
2943,87,10,4,0.16805555555556895,1
2944,87,11,4,0.01944444444446236,1
2945,88,0,1,3,3
2946,88,1,1,2,3
2947,88,2,1,2,3
2948,88,3,1,2,3
2949,88,4,1,1,2
2950,88,5,1,1,2
2951,88,6,1,1,1
2952,88,7,1,1,2
2953,88,0,2,0,3
2954,88,1,2,0,1
2955,88,2,2,1,2
2956,88,3,2,1,2
2957,88,4,2,1,1
2958,88,5,2,1,2
2959,88,6,2,1,1
2960,88,7,2,0,2
2961,88,0,3,0,3
2962,88,1,3,0,1
2963,88,2,3,0,2
2964,88,3,3,1,1
2965,88,4,3,1,1
2966,88,5,3,2,2
2967,88,6,3,1,2
2968,88,7,3,1,2
2969,88,0,4,0.16805555555557228,1
2970,88,1,4,0.3166666666666813,1
2971,88,2,4,0.16805555555557472,1
2972,88,3,4,0.01944444444446014,1
2973,88,4,4,0.16805555555556895,1
2974,88,5,4,0.019444444444454256,1
2975,88,6,4,0.16805555555556895,1
2976,88,7,4,0.31666666666667553,1
2977,89,0,1,0,3
2978,89,1,1,0,2
2979,89,2,1,1,1
2980,89,3,1,1,1
2981,89,4,1,2,2
2982,89,5,1,2,2
2983,89,6,1,2,3
2984,89,7,1,2,2
2985,89,8,1,2,3
2986,89,0,2,2,3
2987,89,1,2,2,3
2988,89,2,2,2,3
2989,89,3,2,1,2
2990,89,4,2,1,2
2991,89,5,2,1,1
2992,89,6,2,1,2
2993,89,7,2,0,1
2994,89,8,2,1,1
2995,89,0,3,0,3
2996,89,1,3,1,2
2997,89,2,3,1,2
2998,89,3,3,1,1
2999,89,4,3,1,2
3000,89,5,3,0,1
3001,89,6,3,1,1
3002,89,7,3,1,1
3003,89,8,3,1,2
3004,89,0,4,0.3166666666666861,1
3005,89,1,4,0.1680555555555715,1
3006,89,2,4,0.01944444444446236,1
3007,89,3,4,0.16805555555556895,1
3008,89,4,4,0.01944444444446014,1
3009,89,5,4,0.16805555555557472,1
3010,89,6,4,0.01944444444446014,1
3011,89,7,4,0.16805555555556673,1
3012,89,8,4,0.01944444444446014,1
3013,90,0,1,0,3
3014,90,1,1,1,2
3015,90,2,1,2,2
3016,90,3,1,1,2
3017,90,0,2,0,3
3018,90,1,2,0,2
3019,90,2,2,0,1
3020,90,3,2,0,0
3021,90,0,3,2,3
3022,90,1,3,2,3
3023,90,2,3,2,3
3024,90,3,3,2,2
3025,90,0,4,0.31666666666667,1
3026,90,1,4,0.16805555555556084,1
3027,90,2,4,0.019444444444452036,1
3028,90,3,4,0.16805555555556084,1
3029,91,0,1,0,3
3030,91,1,1,0,1
3031,91,2,1,0,0
3032,91,3,1,1,1
3033,91,4,1,1,1
3034,91,5,1,2,2
3035,91,6,1,1,2
3036,91,7,1,3,3
3037,91,8,1,3,3
3038,91,9,1,3,3
3039,91,10,1,2,3
3040,91,11,1,2,3
3041,91,12,1,2,3
3042,91,13,1,2,2
3043,91,14,1,1,3
3044,91,0,2,0,3
3045,91,1,2,1,1
3046,91,2,2,1,1
3047,91,3,2,1,2
3048,91,4,2,1,1
3049,91,5,2,1,2
3050,91,6,2,1,1
3051,91,7,2,0,3
3052,91,8,2,1,1
3053,91,9,2,0,1
3054,91,10,2,0,1
3055,91,11,2,1,2
3056,91,12,2,1,2
3057,91,13,2,0,1
3058,91,14,2,0,1
3059,91,0,3,3,3
3060,91,1,3,3,3
3061,91,2,3,2,3
3062,91,3,3,2,3
3063,91,4,3,1,2
3064,91,5,3,1,2
3065,91,6,3,1,1
3066,91,7,3,0,3
3067,91,8,3,0,1
3068,91,9,3,0,0
3069,91,10,3,0,1
3070,91,11,3,0,2
3071,91,12,3,1,1
3072,91,13,3,1,1
3073,91,14,3,1,2
3074,91,0,4,0.1680555555555553,1
3075,91,1,4,0.019444444444448705,1
3076,91,2,4,0.1680555555555634,1
3077,91,3,4,0.019444444444454256,1
3078,91,4,4,0.16805555555556895,1
3079,91,5,4,0.01944444444446014,1
3080,91,6,4,0.16805555555556895,1
3081,91,7,4,0.16805555555557228,1
3082,91,8,4,0.01944444444446569,1
3083,91,9,4,0.16805555555557228,1
3084,91,10,4,0.3166666666666813,1
3085,91,11,4,0.16805555555557472,1
3086,91,12,4,0.01944444444446014,1
3087,91,13,4,0.16805555555556673,1
3088,91,14,4,0.31666666666667553,1
3089,92,0,1,0,3
3090,92,1,1,0,2
3091,92,2,1,0,0
3092,92,3,1,1,1
3093,92,4,1,1,1
3094,92,5,1,2,2
3095,92,6,1,0,2
3096,92,7,1,1,2
3097,92,8,1,0,2
3098,92,9,1,1,2
3099,92,10,1,1,2
3100,92,11,1,1,3
3101,92,12,1,1,2
3102,92,13,1,1,1
3103,92,14,1,1,2
3104,92,15,1,1,1
3105,92,0,2,2,3
3106,92,1,2,2,3
3107,92,2,2,2,2
3108,92,3,2,2,3
3109,92,4,2,1,2
3110,92,5,2,1,2
3111,92,6,2,1,1
3112,92,7,2,1,3
3113,92,8,2,1,2
3114,92,9,2,1,3
3115,92,10,2,0,2
3116,92,11,2,1,2
3117,92,12,2,2,2
3118,92,13,2,1,2
3119,92,14,2,1,2
3120,92,15,2,1,1
3121,92,0,3,0,3
3122,92,1,3,2,2
3123,92,2,3,1,2
3124,92,3,3,1,2
3125,92,4,3,1,1
3126,92,5,3,1,2
3127,92,6,3,1,1
3128,92,7,3,1,3
3129,92,8,3,1,2
3130,92,9,3,1,3
3131,92,10,3,1,2
3132,92,11,3,1,3
3133,92,12,3,1,2
3134,92,13,3,1,1
3135,92,14,3,2,2
3136,92,15,3,1,2
3137,92,0,4,0.3166666666666861,1
3138,92,1,4,0.01944444444445681,1
3139,92,2,4,0.1680555555555715,1
3140,92,3,4,0.01944444444446236,1
3141,92,4,4,0.16805555555556895,1
3142,92,5,4,0.01944444444446014,1
3143,92,6,4,0.3166666666666781,1
3144,92,7,4,0.16805555555556895,1
3145,92,8,4,0.3166666666666781,1
3146,92,9,4,0.16805555555556895,1
3147,92,10,4,0.31666666666667553,1
3148,92,11,4,0.16805555555556895,1
3149,92,12,4,0.01944444444446236,1
3150,92,13,4,0.16805555555556895,1
3151,92,14,4,0.019444444444454256,1
3152,92,15,4,0.16805555555556895,1
3153,93,0,1,2,3
3154,93,1,1,2,3
3155,93,2,1,2,3
3156,93,3,1,2,2
3157,93,4,1,1,3
3158,93,5,1,2,3
3159,93,6,1,1,3
3160,93,7,1,2,3
3161,93,8,1,2,3
3162,93,9,1,1,2
3163,93,10,1,2,2
3164,93,11,1,1,2
3165,93,12,1,1,2
3166,93,13,1,1,1
3167,93,14,1,1,2
3168,93,15,1,1,1
3169,93,16,1,2,2
3170,93,17,1,1,2
3171,93,0,2,0,3
3172,93,1,2,1,2
3173,93,2,2,1,2
3174,93,3,2,1,1
3175,93,4,2,1,2
3176,93,5,2,1,3
3177,93,6,2,1,2
3178,93,7,2,1,3
3179,93,8,2,1,2
3180,93,9,2,1,1
3181,93,10,2,1,2
3182,93,11,2,1,1
3183,93,12,2,2,2
3184,93,13,2,1,2
3185,93,14,2,1,2
3186,93,15,2,1,1
3187,93,16,2,1,2
3188,93,17,2,1,1
3189,93,0,3,0,3
3190,93,1,3,0,2
3191,93,2,3,1,1
3192,93,3,3,0,1
3193,93,4,3,0,1
3194,93,5,3,0,2
3195,93,6,3,0,1
3196,93,7,3,0,2
3197,93,8,3,1,1
3198,93,9,3,1,1
3199,93,10,3,1,2
3200,93,11,3,1,1
3201,93,12,3,1,2
3202,93,13,3,1,1
3203,93,14,3,2,2
3204,93,15,3,1,2
3205,93,16,3,1,2
3206,93,17,3,1,1
3207,93,0,4,0.3166666666666813,1
3208,93,1,4,0.16805555555557472,1
3209,93,2,4,0.01944444444446014,1
3210,93,3,4,0.16805555555557472,1
3211,93,4,4,0.31666666666668364,1
3212,93,5,4,0.16805555555557472,1
3213,93,6,4,0.31666666666668364,1
3214,93,7,4,0.16805555555557472,1
3215,93,8,4,0.01944444444446014,1
3216,93,9,4,0.16805555555556895,1
3217,93,10,4,0.01944444444446014,1
3218,93,11,4,0.16805555555556895,1
3219,93,12,4,0.01944444444446236,1
3220,93,13,4,0.16805555555556895,1
3221,93,14,4,0.019444444444454256,1
3222,93,15,4,0.16805555555556895,1
3223,93,16,4,0.01944444444446014,1
3224,93,17,4,0.16805555555556895,1
3225,94,0,1,2,3
3226,94,1,1,3,3
3227,94,2,1,2,3
3228,94,3,1,2,3
3229,94,4,1,1,2
3230,94,5,1,1,2
3231,94,6,1,3,3
3232,94,7,1,2,3
3233,94,8,1,0,3
3234,94,9,1,0,3
3235,94,10,1,1,1
3236,94,11,1,1,1
3237,94,12,1,1,1
3238,94,13,1,1,2
3239,94,0,2,0,3
3240,94,1,2,0,3
3241,94,2,2,0,1
3242,94,3,2,2,2
3243,94,4,2,2,2
3244,94,5,2,2,3
3245,94,6,2,0,3
3246,94,7,2,0,1
3247,94,8,2,0,2
3248,94,9,2,0,3
3249,94,10,2,0,1
3250,94,11,2,0,0
3251,94,12,2,0,0
3252,94,13,2,1,1
3253,94,0,3,0,3
3254,94,1,3,0,3
3255,94,2,3,0,1
3256,94,3,3,0,2
3257,94,4,3,0,0
3258,94,5,3,1,1
3259,94,6,3,0,3
3260,94,7,3,0,1
3261,94,8,3,0,2
3262,94,9,3,3,3
3263,94,10,3,3,3
3264,94,11,3,3,3
3265,94,12,3,2,3
3266,94,13,3,2,3
3267,94,0,4,0.3166666666666813,1
3268,94,1,4,0.16805555555557228,1
3269,94,2,4,0.3166666666666813,1
3270,94,3,4,0.019444444444468245,1
3271,94,4,4,0.16805555555557705,1
3272,94,5,4,0.01944444444446236,1
3273,94,6,4,0.16805555555557228,1
3274,94,7,4,0.3166666666666813,1
3275,94,8,4,0.6138888888888993,1
3276,94,9,4,0.1680555555555553,1
3277,94,10,4,0.019444444444446263,1
3278,94,11,4,0.019444444444446263,1
3279,94,12,4,0.16805555555556084,1
3280,94,13,4,0.019444444444454256,1
3281,95,0,1,3,3
3282,95,1,1,3,3
3283,95,2,1,3,3
3284,95,3,1,2,3
3285,95,4,1,2,3
3286,95,5,1,1,2
3287,95,6,1,0,2
3288,95,7,1,0,2
3289,95,8,1,0,1
3290,95,9,1,0,2
3291,95,10,1,0,0
3292,95,11,1,1,1
3293,95,0,2,0,3
3294,95,1,2,1,1
3295,95,2,2,0,1
3296,95,3,2,0,1
3297,95,4,2,2,2
3298,95,5,2,2,2
3299,95,6,2,2,3
3300,95,7,2,3,3
3301,95,8,2,2,3
3302,95,9,2,2,3
3303,95,10,2,1,2
3304,95,11,2,1,2
3305,95,0,3,0,3
3306,95,1,3,0,1
3307,95,2,3,0,0
3308,95,3,3,0,1
3309,95,4,3,0,2
3310,95,5,3,0,0
3311,95,6,3,0,1
3312,95,7,3,0,2
3313,95,8,3,0,1
3314,95,9,3,2,2
3315,95,10,3,2,2
3316,95,11,3,2,3
3317,95,0,4,0.16805555555557228,1
3318,95,1,4,0.01944444444446569,1
3319,95,2,4,0.16805555555557228,1
3320,95,3,4,0.3166666666666813,1
3321,95,4,4,0.019444444444468245,1
3322,95,5,4,0.16805555555557705,1
3323,95,6,4,0.3166666666666861,1
3324,95,7,4,0.1680555555555796,1
3325,95,8,4,0.3166666666666861,1
3326,95,9,4,0.01944444444445681,1
3327,95,10,4,0.1680555555555634,1
3328,95,11,4,0.019444444444454256,1
3329,96,0,1,2,3
3330,96,1,1,2,3
3331,96,2,1,2,2
3332,96,3,1,1,3
3333,96,4,1,1,3
3334,96,5,1,1,2
3335,96,6,1,1,3
3336,96,7,1,1,1
3337,96,8,1,1,2
3338,96,9,1,1,1
3339,96,10,1,1,2
3340,96,11,1,1,1
3341,96,12,1,0,2
3342,96,13,1,0,2
3343,96,14,1,0,0
3344,96,15,1,1,1
3345,96,16,1,1,1
3346,96,17,1,2,2
3347,96,18,1,2,2
3348,96,19,1,2,3
3349,96,20,1,1,3
3350,96,21,1,1,3
3351,96,22,1,1,3
3352,96,23,1,1,2
3353,96,0,2,0,3
3354,96,1,2,2,2
3355,96,2,2,1,2
3356,96,3,2,1,2
3357,96,4,2,2,3
3358,96,5,2,1,3
3359,96,6,2,1,3
3360,96,7,2,1,1
3361,96,8,2,2,2
3362,96,9,2,2,2
3363,96,10,2,2,3
3364,96,11,2,1,2
3365,96,12,2,1,2
3366,96,13,2,3,3
3367,96,14,2,2,3
3368,96,15,2,2,3
3369,96,16,2,1,2
3370,96,17,2,1,2
3371,96,18,2,0,1
3372,96,19,2,0,1
3373,96,20,2,0,2
3374,96,21,2,1,3
3375,96,22,2,1,3
3376,96,23,2,1,2
3377,96,0,3,0,3
3378,96,1,3,0,2
3379,96,2,3,0,0
3380,96,3,3,0,1
3381,96,4,3,0,2
3382,96,5,3,0,1
3383,96,6,3,2,2
3384,96,7,3,1,2
3385,96,8,3,1,2
3386,96,9,3,0,1
3387,96,10,3,1,1
3388,96,11,3,1,1
3389,96,12,3,1,2
3390,96,13,3,1,3
3391,96,14,3,1,1
3392,96,15,3,1,2
3393,96,16,3,1,1
3394,96,17,3,1,2
3395,96,18,3,1,1
3396,96,19,3,0,2
3397,96,20,3,0,2
3398,96,21,3,0,3
3399,96,22,3,1,2
3400,96,23,3,0,2
3401,96,0,4,0.3166666666666813,1
3402,96,1,4,0.019444444444468245,1
3403,96,2,4,0.16805555555557472,1
3404,96,3,4,0.31666666666668364,1
3405,96,4,4,0.16805555555557705,1
3406,96,5,4,0.31666666666668364,1
3407,96,6,4,0.019444444444454256,1
3408,96,7,4,0.16805555555556895,1
3409,96,8,4,0.01944444444446236,1
3410,96,9,4,0.16805555555557705,1
3411,96,10,4,0.01944444444446236,1
3412,96,11,4,0.16805555555556895,1
3413,96,12,4,0.3166666666666781,1
3414,96,13,4,0.019444444444464914,1
3415,96,14,4,0.1680555555555715,1
3416,96,15,4,0.01944444444446236,1
3417,96,16,4,0.16805555555556895,1
3418,96,17,4,0.01944444444446014,1
3419,96,18,4,0.16805555555556673,1
3420,96,19,4,0.3166666666666813,1
3421,96,20,4,0.4652777777777901,1
3422,96,21,4,0.31666666666668364,1
3423,96,22,4,0.16805555555556895,1
3424,96,23,4,0.31666666666668364,1
3425,97,0,1,3,3
3426,97,1,1,2,3
3427,97,2,1,2,3
3428,97,3,1,2,2
3429,97,4,1,1,3
3430,97,5,1,1,3
3431,97,6,1,1,1
3432,97,7,1,1,2
3433,97,8,1,0,1
3434,97,9,1,0,1
3435,97,10,1,0,0
3436,97,11,1,0,1
3437,97,12,1,2,3
3438,97,13,1,1,3
3439,97,14,1,1,3
3440,97,0,2,0,3
3441,97,1,2,0,1
3442,97,2,2,2,2
3443,97,3,2,1,2
3444,97,4,2,1,2
3445,97,5,2,3,3
3446,97,6,2,2,3
3447,97,7,2,2,3
3448,97,8,2,2,2
3449,97,9,2,3,3
3450,97,10,2,3,3
3451,97,11,2,1,3
3452,97,12,2,1,3
3453,97,13,2,1,2
3454,97,14,2,1,3
3455,97,0,3,0,3
3456,97,1,3,0,1
3457,97,2,3,0,2
3458,97,3,3,0,0
3459,97,4,3,0,1
3460,97,5,3,0,2
3461,97,6,3,0,0
3462,97,7,3,1,1
3463,97,8,3,1,1
3464,97,9,3,1,2
3465,97,10,3,0,1
3466,97,11,3,0,1
3467,97,12,3,0,3
3468,97,13,3,0,1
3469,97,14,3,1,2
3470,97,0,4,0.16805555555557228,1
3471,97,1,4,0.3166666666666813,1
3472,97,2,4,0.019444444444468245,1
3473,97,3,4,0.16805555555557472,1
3474,97,4,4,0.31666666666668364,1
3475,97,5,4,0.019444444444470466,1
3476,97,6,4,0.16805555555557705,1
3477,97,7,4,0.01944444444446236,1
3478,97,8,4,0.1680555555555715,1
3479,97,9,4,0.019444444444464914,1
3480,97,10,4,0.1680555555555796,1
3481,97,11,4,0.46527777777779267,1
3482,97,12,4,0.16805555555557472,1
3483,97,13,4,0.31666666666668364,1
3484,97,14,4,0.16805555555556895,1
3485,98,0,1,2,3
3486,98,1,1,2,3
3487,98,2,1,2,2
3488,98,3,1,2,3
3489,98,0,2,0,3
3490,98,1,2,2,2
3491,98,2,2,1,2
3492,98,3,2,1,2
3493,98,0,3,0,3
3494,98,1,3,0,2
3495,98,2,3,0,0
3496,98,3,3,1,1
3497,98,0,4,0.3166666666666813,1
3498,98,1,4,0.019444444444468245,1
3499,98,2,4,0.16805555555557472,1
3500,98,3,4,0.01944444444446014,1
3501,99,0,1,0,3
3502,99,1,1,0,1
3503,99,2,1,0,2
3504,99,3,1,1,1
3505,99,4,1,1,1
3506,99,5,1,1,2
3507,99,6,1,2,3
3508,99,7,1,2,3
3509,99,8,1,2,2
3510,99,9,1,2,3
3511,99,10,1,2,2
3512,99,11,1,2,3
3513,99,12,1,0,3
3514,99,13,1,0,3
3515,99,14,1,0,2
3516,99,15,1,0,3
3517,99,16,1,0,2
3518,99,17,1,0,3
3519,99,18,1,0,2
3520,99,19,1,0,1
3521,99,20,1,0,2
3522,99,21,1,0,1
3523,99,22,1,0,0
3524,99,23,1,0,1
3525,99,24,1,1,2
3526,99,25,1,0,2
3527,99,26,1,0,2
3528,99,27,1,0,1
3529,99,28,1,1,2
3530,99,29,1,0,2
3531,99,0,2,3,3
3532,99,1,2,2,3
3533,99,2,2,2,3
3534,99,3,2,2,3
3535,99,4,2,1,2
3536,99,5,2,0,2
3537,99,6,2,0,2
3538,99,7,2,1,1
3539,99,8,2,1,1
3540,99,9,2,1,2
3541,99,10,2,0,1
3542,99,11,2,0,1
3543,99,12,2,0,2
3544,99,13,2,2,3
3545,99,14,2,1,3
3546,99,15,2,1,3
3547,99,16,2,0,3
3548,99,17,2,1,3
3549,99,18,2,2,3
3550,99,19,2,1,3
3551,99,20,2,1,3
3552,99,21,2,1,2
3553,99,22,2,1,1
3554,99,23,2,1,2
3555,99,24,2,1,3
3556,99,25,2,1,2
3557,99,26,2,2,3
3558,99,27,2,1,3
3559,99,28,2,1,3
3560,99,29,2,1,2
3561,99,0,3,0,3
3562,99,1,3,0,1
3563,99,2,3,1,2
3564,99,3,3,1,2
3565,99,4,3,1,1
3566,99,5,3,1,2
3567,99,6,3,1,3
3568,99,7,3,1,2
3569,99,8,3,0,1
3570,99,9,3,1,1
3571,99,10,3,1,1
3572,99,11,3,0,2
3573,99,12,3,0,2
3574,99,13,3,0,3
3575,99,14,3,0,2
3576,99,15,3,1,3
3577,99,16,3,1,3
3578,99,17,3,1,3
3579,99,18,3,1,3
3580,99,19,3,1,2
3581,99,20,3,2,3
3582,99,21,3,3,3
3583,99,22,3,2,3
3584,99,23,3,1,3
3585,99,24,3,1,3
3586,99,25,3,1,2
3587,99,26,3,1,3
3588,99,27,3,1,2
3589,99,28,3,1,3
3590,99,29,3,1,2
3591,99,0,4,0.1680555555555796,1
3592,99,1,4,0.3166666666666861,1
3593,99,2,4,0.1680555555555715,1
3594,99,3,4,0.01944444444446236,1
3595,99,4,4,0.16805555555556895,1
3596,99,5,4,0.31666666666667553,1
3597,99,6,4,0.16805555555556673,1
3598,99,7,4,0.01944444444446014,1
3599,99,8,4,0.16805555555557472,1
3600,99,9,4,0.01944444444446014,1
3601,99,10,4,0.16805555555556673,1
3602,99,11,4,0.3166666666666813,1
3603,99,12,4,0.6138888888888993,1
3604,99,13,4,0.3166666666666861,1
3605,99,14,4,0.46527777777779267,1
3606,99,15,4,0.3166666666666781,1
3607,99,16,4,0.46527777777778456,1
3608,99,17,4,0.3166666666666781,1
3609,99,18,4,0.1680555555555715,1
3610,99,19,4,0.3166666666666781,1
3611,99,20,4,0.1680555555555634,1
3612,99,21,4,0.019444444444448705,1
3613,99,22,4,0.1680555555555634,1
3614,99,23,4,0.3166666666666781,1
3615,99,24,4,0.16805555555556895,1
3616,99,25,4,0.3166666666666781,1
3617,99,26,4,0.1680555555555715,1
3618,99,27,4,0.3166666666666781,1
3619,99,28,4,0.16805555555556895,1
3620,99,29,4,0.3166666666666781,1
3621,100,0,1,1,3
3622,100,1,1,0,3
3623,100,2,1,0,3
3624,100,3,1,0,3
3625,100,4,1,1,2
3626,100,5,1,0,2
3627,100,6,1,0,2
3628,100,7,1,0,3
3629,100,8,1,1,3
3630,100,0,2,0,3
3631,100,1,2,0,3
3632,100,2,2,1,3
3633,100,3,2,1,3
3634,100,4,2,1,3
3635,100,5,2,1,2
3636,100,6,2,0,3
3637,100,7,2,0,3
3638,100,8,2,0,3
3639,100,0,3,0,3
3640,100,1,3,0,3
3641,100,2,3,0,3
3642,100,3,3,1,3
3643,100,4,3,1,3
3644,100,5,3,1,2
3645,100,6,3,1,3
3646,100,7,3,0,3
3647,100,8,3,0,3
3648,100,0,4,0.4652777777777901,1
3649,100,1,4,0.6138888888888993,1
3650,100,2,4,0.46527777777779267,1
3651,100,3,4,0.3166666666666781,1
3652,100,4,4,0.16805555555556895,1
3653,100,5,4,0.3166666666666781,1
3654,100,6,4,0.46527777777778456,1
3655,100,7,4,0.6138888888888993,1
3656,100,8,4,0.4652777777777901,1
3657,101,0,1,1,3
3658,101,1,1,3,3
3659,101,2,1,3,3
3660,101,3,1,3,3
3661,101,4,1,3,3
3662,101,5,1,2,3
3663,101,6,1,2,3
3664,101,7,1,1,2
3665,101,8,1,1,2
3666,101,9,1,1,1
3667,101,10,1,1,2
3668,101,11,1,0,3
3669,101,12,1,0,3
3670,101,13,1,0,2
3671,101,14,1,0,1
3672,101,15,1,0,0
3673,101,16,1,0,1
3674,101,17,1,0,2
3675,101,18,1,1,1
3676,101,19,1,1,1
3677,101,20,1,2,2
3678,101,21,1,2,2
3679,101,22,1,2,3
3680,101,23,1,3,3
3681,101,24,1,2,3
3682,101,25,1,1,3
3683,101,26,1,0,3
3684,101,27,1,1,3
3685,101,28,1,1,3
3686,101,29,1,1,3
3687,101,30,1,1,2
3688,101,31,1,1,3
3689,101,32,1,1,3
3690,101,33,1,1,2
3691,101,34,1,1,1
3692,101,35,1,1,2
3693,101,0,2,0,3
3694,101,1,2,0,3
3695,101,2,2,1,1
3696,101,3,2,0,1
3697,101,4,2,0,1
3698,101,5,2,0,0
3699,101,6,2,1,1
3700,101,7,2,1,1
3701,101,8,2,2,2
3702,101,9,2,2,2
3703,101,10,2,1,3
3704,101,11,2,1,3
3705,101,12,2,2,3
3706,101,13,2,2,3
3707,101,14,2,2,3
3708,101,15,2,2,2
3709,101,16,2,2,3
3710,101,17,2,2,3
3711,101,18,2,2,3
3712,101,19,2,1,2
3713,101,20,2,1,2
3714,101,21,2,1,1
3715,101,22,2,0,2
3716,101,23,2,0,2
3717,101,24,2,0,1
3718,101,25,2,0,2
3719,101,26,2,0,3
3720,101,27,2,0,3
3721,101,28,2,1,3
3722,101,29,2,1,3
3723,101,30,2,1,2
3724,101,31,2,0,3
3725,101,32,2,2,3
3726,101,33,2,2,3
3727,101,34,2,1,2
3728,101,35,2,1,2
3729,101,0,3,0,3
3730,101,1,3,0,3
3731,101,2,3,0,1
3732,101,3,3,0,0
3733,101,4,3,1,1
3734,101,5,3,1,1
3735,101,6,3,1,2
3736,101,7,3,1,1
3737,101,8,3,1,2
3738,101,9,3,0,1
3739,101,10,3,0,1
3740,101,11,3,0,2
3741,101,12,3,0,3
3742,101,13,3,1,2
3743,101,14,3,2,2
3744,101,15,3,1,2
3745,101,16,3,0,2
3746,101,17,3,1,2
3747,101,18,3,1,2
3748,101,19,3,1,1
3749,101,20,3,1,2
3750,101,21,3,0,1
3751,101,22,3,0,1
3752,101,23,3,0,2
3753,101,24,3,0,1
3754,101,25,3,0,2
3755,101,26,3,0,3
3756,101,27,3,0,3
3757,101,28,3,0,3
3758,101,29,3,1,2
3759,101,30,3,0,2
3760,101,31,3,0,2
3761,101,32,3,0,3
3762,101,33,3,1,1
3763,101,34,3,1,1
3764,101,35,3,0,2
3765,101,0,4,0.4652777777777901,1
3766,101,1,4,0.16805555555557228,1
3767,101,2,4,0.01944444444446569,1
3768,101,3,4,0.16805555555557228,1
3769,101,4,4,0.019444444444457587,1
3770,101,5,4,0.16805555555556673,1
3771,101,6,4,0.01944444444446014,1
3772,101,7,4,0.16805555555556895,1
3773,101,8,4,0.01944444444446236,1
3774,101,9,4,0.16805555555557705,1
3775,101,10,4,0.31666666666668364,1
3776,101,11,4,0.46527777777779267,1
3777,101,12,4,0.3166666666666861,1
3778,101,13,4,0.1680555555555715,1
3779,101,14,4,0.01944444444445681,1
3780,101,15,4,0.1680555555555715,1
3781,101,16,4,0.3166666666666861,1
3782,101,17,4,0.1680555555555715,1
3783,101,18,4,0.01944444444446236,1
3784,101,19,4,0.16805555555556895,1
3785,101,20,4,0.01944444444446014,1
3786,101,21,4,0.16805555555557472,1
3787,101,22,4,0.3166666666666813,1
3788,101,23,4,0.16805555555557228,1
3789,101,24,4,0.3166666666666813,1
3790,101,25,4,0.4652777777777901,1
3791,101,26,4,0.6138888888888993,1
3792,101,27,4,0.4652777777777901,1
3793,101,28,4,0.31666666666668364,1
3794,101,29,4,0.16805555555556895,1
3795,101,30,4,0.31666666666668364,1
3796,101,31,4,0.4652777777777901,1
3797,101,32,4,0.16805555555557705,1
3798,101,33,4,0.01944444444446236,1
3799,101,34,4,0.16805555555556895,1
3800,101,35,4,0.31666666666668364,1
3801,102,0,1,3,3
3802,102,1,1,3,3
3803,102,2,1,2,3
3804,102,3,1,3,3
3805,102,4,1,2,3
3806,102,5,1,2,3
3807,102,6,1,2,2
3808,102,7,1,1,3
3809,102,8,1,1,3
3810,102,9,1,1,2
3811,102,10,1,1,1
3812,102,11,1,2,2
3813,102,12,1,2,2
3814,102,0,2,0,3
3815,102,1,2,1,1
3816,102,2,2,1,1
3817,102,3,2,1,2
3818,102,4,2,1,1
3819,102,5,2,1,2
3820,102,6,2,1,1
3821,102,7,2,1,2
3822,102,8,2,2,3
3823,102,9,2,2,3
3824,102,10,2,2,2
3825,102,11,2,2,3
3826,102,12,2,1,2
3827,102,0,3,0,3
3828,102,1,3,0,1
3829,102,2,3,0,0
3830,102,3,3,0,1
3831,102,4,3,0,0
3832,102,5,3,1,1
3833,102,6,3,0,1
3834,102,7,3,0,1
3835,102,8,3,0,2
3836,102,9,3,1,1
3837,102,10,3,0,1
3838,102,11,3,0,1
3839,102,12,3,0,0
3840,102,0,4,0.16805555555557228,1
3841,102,1,4,0.01944444444446569,1
3842,102,2,4,0.16805555555557472,1
3843,102,3,4,0.01944444444446569,1
3844,102,4,4,0.16805555555557472,1
3845,102,5,4,0.01944444444446014,1
3846,102,6,4,0.16805555555557472,1
3847,102,7,4,0.31666666666668364,1
3848,102,8,4,0.16805555555557705,1
3849,102,9,4,0.01944444444446236,1
3850,102,10,4,0.16805555555557705,1
3851,102,11,4,0.019444444444468245,1
3852,102,12,4,0.16805555555557472,1
3853,103,0,1,1,3
3854,103,1,1,1,3
3855,103,2,1,3,3
3856,103,3,1,0,3
3857,103,4,1,1,3
3858,103,5,1,1,3
3859,103,6,1,1,3
3860,103,7,1,1,3
3861,103,0,2,0,3
3862,103,1,2,0,3
3863,103,2,2,0,3
3864,103,3,2,0,1
3865,103,4,2,0,3
3866,103,5,2,0,3
3867,103,6,2,0,2
3868,103,7,2,1,3
3869,103,0,3,0,3
3870,103,1,3,0,3
3871,103,2,3,0,3
3872,103,3,3,0,1
3873,103,4,3,0,3
3874,103,5,3,1,3
3875,103,6,3,0,3
3876,103,7,3,0,3
3877,103,0,4,0.4652777777777901,1
3878,103,1,4,0.4652777777777901,1
3879,103,2,4,0.16805555555557228,1
3880,103,3,4,0.6138888888888993,1
3881,103,4,4,0.4652777777777901,1
3882,103,5,4,0.31666666666667553,1
3883,103,6,4,0.4652777777777901,1
3884,103,7,4,0.31666666666668364,1
3885,104,0,1,2,3
3886,104,1,1,1,3
3887,104,2,1,1,3
3888,104,3,1,0,3
3889,104,4,1,0,3
3890,104,5,1,0,2
3891,104,6,1,1,3
3892,104,7,1,0,3
3893,104,8,1,0,3
3894,104,9,1,0,3
3895,104,10,1,0,3
3896,104,11,1,0,3
3897,104,0,2,0,3
3898,104,1,2,0,2
3899,104,2,2,1,3
3900,104,3,2,1,3
3901,104,4,2,1,3
3902,104,5,2,1,3
3903,104,6,2,1,3
3904,104,7,2,1,3
3905,104,8,2,0,3
3906,104,9,2,1,3
3907,104,10,2,0,3
3908,104,11,2,0,3
3909,104,0,3,0,3
3910,104,1,3,0,2
3911,104,2,3,0,3
3912,104,3,3,0,2
3913,104,4,3,1,3
3914,104,5,3,0,3
3915,104,6,3,0,3
3916,104,7,3,0,2
3917,104,8,3,0,3
3918,104,9,3,0,3
3919,104,10,3,0,3
3920,104,11,3,1,3
3921,104,0,4,0.3166666666666813,1
3922,104,1,4,0.4652777777777901,1
3923,104,2,4,0.31666666666668364,1
3924,104,3,4,0.46527777777779267,1
3925,104,4,4,0.3166666666666781,1
3926,104,5,4,0.46527777777779267,1
3927,104,6,4,0.31666666666668364,1
3928,104,7,4,0.46527777777779267,1
3929,104,8,4,0.6138888888888993,1
3930,104,9,4,0.46527777777779267,1
3931,104,10,4,0.6138888888888993,1
3932,104,11,4,0.46527777777778456,1
3933,105,0,1,0,3
3934,105,1,1,2,2
3935,105,2,1,1,2
3936,105,3,1,1,2
3937,105,4,1,1,1
3938,105,5,1,1,2
3939,105,6,1,1,3
3940,105,7,1,2,2
3941,105,8,1,1,2
3942,105,9,1,1,2
3943,105,10,1,1,3
3944,105,11,1,1,2
3945,105,12,1,2,3
3946,105,13,1,1,3
3947,105,0,2,0,3
3948,105,1,2,0,2
3949,105,2,2,0,0
3950,105,3,2,1,1
3951,105,4,2,0,1
3952,105,5,2,0,1
3953,105,6,2,1,2
3954,105,7,2,1,2
3955,105,8,2,1,1
3956,105,9,2,0,2
3957,105,10,2,1,2
3958,105,11,2,0,2
3959,105,12,2,0,2
3960,105,13,2,0,1
3961,105,0,3,2,3
3962,105,1,3,2,3
3963,105,2,3,2,2
3964,105,3,3,2,3
3965,105,4,3,2,2
3966,105,5,3,1,3
3967,105,6,3,1,3
3968,105,7,3,1,2
3969,105,8,3,1,1
3970,105,9,3,1,2
3971,105,10,3,1,3
3972,105,11,3,1,2
3973,105,12,3,1,3
3974,105,13,3,1,2
3975,105,0,4,0.31666666666667,1
3976,105,1,4,0.019444444444452036,1
3977,105,2,4,0.16805555555556084,1
3978,105,3,4,0.019444444444454256,1
3979,105,4,4,0.16805555555556084,1
3980,105,5,4,0.31666666666667553,1
3981,105,6,4,0.16805555555556895,1
3982,105,7,4,0.01944444444446014,1
3983,105,8,4,0.16805555555556895,1
3984,105,9,4,0.31666666666667553,1
3985,105,10,4,0.16805555555556895,1
3986,105,11,4,0.31666666666667553,1
3987,105,12,4,0.16805555555556673,1
3988,105,13,4,0.31666666666667553,1
3989,106,0,1,2,3
3990,106,1,1,2,3
3991,106,2,1,2,2
3992,106,3,1,1,3
3993,106,4,1,3,3
3994,106,5,1,0,3
3995,106,6,1,0,3
3996,106,0,2,0,3
3997,106,1,2,2,2
3998,106,2,2,1,2
3999,106,3,2,1,2
4000,106,4,2,1,3
4001,106,5,2,1,1
4002,106,6,2,0,3
4003,106,0,3,0,3
4004,106,1,3,0,2
4005,106,2,3,0,0
4006,106,3,3,0,1
4007,106,4,3,0,2
4008,106,5,3,0,0
4009,106,6,3,0,3
4010,106,0,4,0.3166666666666813,1
4011,106,1,4,0.019444444444468245,1
4012,106,2,4,0.16805555555557472,1
4013,106,3,4,0.31666666666668364,1
4014,106,4,4,0.01944444444446569,1
4015,106,5,4,0.46527777777779267,1
4016,106,6,4,0.6138888888888993,1
4017,108,0,1,0,3
4018,108,1,1,0,3
4019,108,2,1,1,1
4020,108,3,1,1,1
4021,108,4,1,1,2
4022,108,5,1,1,1
4023,108,6,1,2,2
4024,108,7,1,1,2
4025,108,8,1,2,2
4026,108,0,2,1,3
4027,108,1,2,1,3
4028,108,2,2,1,2
4029,108,3,2,0,1
4030,108,4,2,1,1
4031,108,5,2,1,1
4032,108,6,2,1,2
4033,108,7,2,1,1
4034,108,8,2,1,2
4035,108,0,3,0,3
4036,108,1,3,2,3
4037,108,2,3,2,3
4038,108,3,3,2,2
4039,108,4,3,2,3
4040,108,5,3,1,2
4041,108,6,3,1,2
4042,108,7,3,1,1
4043,108,8,3,1,2
4044,108,0,4,0.46527777777779267,1
4045,108,1,4,0.1680555555555634,1
4046,108,2,4,0.019444444444454256,1
4047,108,3,4,0.16805555555556084,1
4048,108,4,4,0.019444444444454256,1
4049,108,5,4,0.16805555555556895,1
4050,108,6,4,0.01944444444446014,1
4051,108,7,4,0.16805555555556895,1
4052,108,8,4,0.01944444444446014,1
4053,109,0,1,2,3
4054,109,1,1,2,3
4055,109,2,1,2,3
4056,109,3,1,1,2
4057,109,0,2,0,3
4058,109,1,2,1,2
4059,109,2,2,1,2
4060,109,3,2,1,1
4061,109,0,3,0,3
4062,109,1,3,0,2
4063,109,2,3,1,1
4064,109,3,3,1,1
4065,109,0,4,0.3166666666666813,1
4066,109,1,4,0.16805555555557472,1
4067,109,2,4,0.01944444444446014,1
4068,109,3,4,0.16805555555556895,1
4069,110,0,1,1,3
4070,110,1,1,1,3
4071,110,2,1,1,3
4072,110,3,1,1,2
4073,110,4,1,0,1
4074,110,0,2,0,3
4075,110,1,2,1,3
4076,110,2,2,2,3
4077,110,3,2,2,3
4078,110,4,2,2,2
4079,110,0,3,0,3
4080,110,1,3,0,3
4081,110,2,3,0,2
4082,110,3,3,1,1
4083,110,4,3,1,1
4084,110,0,4,0.4652777777777901,1
4085,110,1,4,0.31666666666668364,1
4086,110,2,4,0.16805555555557705,1
4087,110,3,4,0.01944444444446236,1
4088,110,4,4,0.1680555555555715,1
4089,111,0,1,0,3
4090,111,1,1,0,2
4091,111,0,2,2,3
4092,111,1,2,2,3
4093,111,0,3,0,3
4094,111,1,3,2,2
4095,111,0,4,0.3166666666666861,1
4096,111,1,4,0.01944444444445681,1
4097,112,0,1,3,3
4098,112,1,1,3,3
4099,112,2,1,2,3
4100,112,3,1,2,3
4101,112,4,1,2,2
4102,112,5,1,2,3
4103,112,6,1,1,2
4104,112,7,1,1,2
4105,112,8,1,1,1
4106,112,9,1,1,2
4107,112,10,1,1,1
4108,112,11,1,2,2
4109,112,0,2,0,3
4110,112,1,2,1,1
4111,112,2,2,0,3
4112,112,3,2,2,2
4113,112,4,2,1,2
4114,112,5,2,1,2
4115,112,6,2,1,1
4116,112,7,2,2,2
4117,112,8,2,1,2
4118,112,9,2,1,2
4119,112,10,2,1,1
4120,112,11,2,1,2
4121,112,0,3,0,3
4122,112,1,3,0,1
4123,112,2,3,0,3
4124,112,3,3,0,2
4125,112,4,3,0,0
4126,112,5,3,1,1
4127,112,6,3,1,1
4128,112,7,3,1,2
4129,112,8,3,1,1
4130,112,9,3,2,2
4131,112,10,3,1,2
4132,112,11,3,1,2
4133,112,0,4,0.16805555555557228,1
4134,112,1,4,0.01944444444446569,1
4135,112,2,4,0.3166666666666813,1
4136,112,3,4,0.019444444444468245,1
4137,112,4,4,0.16805555555557472,1
4138,112,5,4,0.01944444444446014,1
4139,112,6,4,0.16805555555556895,1
4140,112,7,4,0.01944444444446236,1
4141,112,8,4,0.16805555555556895,1
4142,112,9,4,0.019444444444454256,1
4143,112,10,4,0.16805555555556895,1
4144,112,11,4,0.01944444444446014,1
4145,113,0,1,3,3
4146,113,1,1,1,3
4147,113,2,1,1,3
4148,113,3,1,1,3
4149,113,4,1,1,3
4150,113,5,1,1,3
4151,113,6,1,1,3
4152,113,0,2,0,3
4153,113,1,2,0,1
4154,113,2,2,1,3
4155,113,3,2,1,3
4156,113,4,2,0,3
4157,113,5,2,1,3
4158,113,6,2,1,3
4159,113,0,3,0,3
4160,113,1,3,0,1
4161,113,2,3,0,3
4162,113,3,3,1,2
4163,113,4,3,0,3
4164,113,5,3,0,3
4165,113,6,3,1,2
4166,113,0,4,0.16805555555557228,1
4167,113,1,4,0.4652777777777901,1
4168,113,2,4,0.31666666666668364,1
4169,113,3,4,0.16805555555556895,1
4170,113,4,4,0.4652777777777901,1
4171,113,5,4,0.31666666666668364,1
4172,113,6,4,0.16805555555556895,1
4173,115,0,1,2,3
4174,115,1,1,2,3
4175,115,2,1,2,2
4176,115,3,1,2,3
4177,115,0,2,0,3
4178,115,1,2,2,2
4179,115,2,2,1,2
4180,115,3,2,1,2
4181,115,0,3,0,3
4182,115,1,3,0,2
4183,115,2,3,0,0
4184,115,3,3,1,1
4185,115,0,4,0.3166666666666813,1
4186,115,1,4,0.019444444444468245,1
4187,115,2,4,0.16805555555557472,1
4188,115,3,4,0.01944444444446014,1
4189,116,0,1,3,3
4190,116,1,1,3,3
4191,116,2,1,3,3
4192,116,3,1,3,3
4193,116,4,1,3,3
4194,116,5,1,3,3
4195,116,6,1,3,3
4196,116,7,1,3,3
4197,116,8,1,3,3
4198,116,9,1,3,3
4199,116,10,1,3,3
4200,116,11,1,3,3
4201,116,12,1,2,3
4202,116,13,1,2,3
4203,116,0,2,0,3
4204,116,1,2,0,1
4205,116,2,2,0,0
4206,116,3,2,1,1
4207,116,4,2,1,1
4208,116,5,2,0,1
4209,116,6,2,0,1
4210,116,7,2,0,0
4211,116,8,2,0,0
4212,116,9,2,1,1
4213,116,10,2,0,1
4214,116,11,2,1,1
4215,116,12,2,1,1
4216,116,13,2,1,2
4217,116,0,3,0,3
4218,116,1,3,1,1
4219,116,2,3,0,1
4220,116,3,3,0,1
4221,116,4,3,0,0
4222,116,5,3,0,0
4223,116,6,3,1,1
4224,116,7,3,1,1
4225,116,8,3,0,1
4226,116,9,3,0,1
4227,116,10,3,0,0
4228,116,11,3,0,1
4229,116,12,3,0,0
4230,116,13,3,1,1
4231,116,0,4,0.16805555555557228,1
4232,116,1,4,0.019444444444457587,1
4233,116,2,4,0.16805555555557228,1
4234,116,3,4,0.01944444444446569,1
4235,116,4,4,0.01944444444446569,1
4236,116,5,4,0.16805555555557228,1
4237,116,6,4,0.019444444444457587,1
4238,116,7,4,0.019444444444457587,1
4239,116,8,4,0.16805555555557228,1
4240,116,9,4,0.01944444444446569,1
4241,116,10,4,0.16805555555557228,1
4242,116,11,4,0.01944444444446569,1
4243,116,12,4,0.16805555555557472,1
4244,116,13,4,0.01944444444446014,1
4245,117,0,1,0,3
4246,117,1,1,2,3
4247,117,2,1,2,3
4248,117,0,2,1,3
4249,117,1,2,1,3
4250,117,2,2,1,2
4251,117,0,3,0,3
4252,117,1,3,0,3
4253,117,2,3,1,1
4254,117,0,4,0.46527777777779267,1
4255,117,1,4,0.16805555555557472,1
4256,117,2,4,0.01944444444446014,1
4257,118,0,1,2,3
4258,118,1,1,2,3
4259,118,2,1,2,3
4260,118,3,1,1,2
4261,118,0,2,0,3
4262,118,1,2,1,2
4263,118,2,2,1,2
4264,118,3,2,1,1
4265,118,0,3,0,3
4266,118,1,3,0,2
4267,118,2,3,1,1
4268,118,3,3,1,1
4269,118,0,4,0.3166666666666813,1
4270,118,1,4,0.16805555555557472,1
4271,118,2,4,0.01944444444446014,1
4272,118,3,4,0.16805555555556895,1
4273,119,0,1,0,3
4274,119,1,1,0,1
4275,119,2,1,2,2
4276,119,3,1,1,2
4277,119,4,1,1,2
4278,119,5,1,1,1
4279,119,6,1,2,2
4280,119,7,1,1,2
4281,119,8,1,1,2
4282,119,0,2,3,3
4283,119,1,2,2,3
4284,119,2,2,2,3
4285,119,3,2,2,2
4286,119,4,2,2,3
4287,119,5,2,1,2
4288,119,6,2,1,2
4289,119,7,2,1,1
4290,119,8,2,1,2
4291,119,0,3,0,3
4292,119,1,3,0,1
4293,119,2,3,0,2
4294,119,3,3,0,0
4295,119,4,3,1,1
4296,119,5,3,1,1
4297,119,6,3,1,2
4298,119,7,3,1,1
4299,119,8,3,2,2
4300,119,0,4,0.1680555555555796,1
4301,119,1,4,0.3166666666666861,1
4302,119,2,4,0.019444444444468245,1
4303,119,3,4,0.16805555555557705,1
4304,119,4,4,0.01944444444446236,1
4305,119,5,4,0.16805555555556895,1
4306,119,6,4,0.01944444444446014,1
4307,119,7,4,0.16805555555556895,1
4308,119,8,4,0.019444444444454256,1
4309,120,0,1,0,3
4310,120,1,1,0,2
4311,120,2,1,1,1
4312,120,3,1,0,1
4313,120,4,1,0,1
4314,120,5,1,1,2
4315,120,6,1,0,2
4316,120,0,2,2,3
4317,120,1,2,2,3
4318,120,2,2,2,3
4319,120,3,2,2,2
4320,120,4,2,1,3
4321,120,5,2,1,3
4322,120,6,2,1,2
4323,120,0,3,0,3
4324,120,1,3,1,2
4325,120,2,3,1,2
4326,120,3,3,1,1
4327,120,4,3,1,2
4328,120,5,3,1,3
4329,120,6,3,1,2
4330,120,0,4,0.3166666666666861,1
4331,120,1,4,0.1680555555555715,1
4332,120,2,4,0.01944444444446236,1
4333,120,3,4,0.1680555555555715,1
4334,120,4,4,0.3166666666666781,1
4335,120,5,4,0.16805555555556895,1
4336,120,6,4,0.3166666666666781,1
4337,121,0,1,0,3
4338,121,1,1,0,2
4339,121,2,1,0,0
4340,121,3,1,1,1
4341,121,4,1,1,3
4342,121,5,1,2,3
4343,121,6,1,2,3
4344,121,7,1,1,3
4345,121,8,1,1,3
4346,121,0,2,2,3
4347,121,1,2,2,3
4348,121,2,2,1,2
4349,121,3,2,1,2
4350,121,4,2,0,3
4351,121,5,2,0,3
4352,121,6,2,1,2
4353,121,7,2,1,2
4354,121,8,2,1,3
4355,121,0,3,0,3
4356,121,1,3,2,2
4357,121,2,3,2,2
4358,121,3,3,2,3
4359,121,4,3,0,3
4360,121,5,3,0,3
4361,121,6,3,0,2
4362,121,7,3,0,1
4363,121,8,3,2,2
4364,121,0,4,0.3166666666666861,1
4365,121,1,4,0.01944444444445681,1
4366,121,2,4,0.1680555555555634,1
4367,121,3,4,0.019444444444454256,1
4368,121,4,4,0.4652777777777901,1
4369,121,5,4,0.3166666666666813,1
4370,121,6,4,0.16805555555557472,1
4371,121,7,4,0.31666666666668364,1
4372,121,8,4,0.019444444444454256,1
4373,122,0,1,1,3
4374,122,1,1,1,3
4375,122,2,1,2,2
4376,122,3,1,1,2
4377,122,4,1,1,2
4378,122,5,1,1,1
4379,122,6,1,1,2
4380,122,0,2,0,3
4381,122,1,2,2,3
4382,122,2,2,2,3
4383,122,3,2,2,2
4384,122,4,2,2,3
4385,122,5,2,2,2
4386,122,6,2,2,3
4387,122,0,3,0,3
4388,122,1,3,0,3
4389,122,2,3,0,1
4390,122,3,3,0,0
4391,122,4,3,1,1
4392,122,5,3,0,1
4393,122,6,3,1,1
4394,122,0,4,0.4652777777777901,1
4395,122,1,4,0.16805555555557705,1
4396,122,2,4,0.019444444444468245,1
4397,122,3,4,0.16805555555557705,1
4398,122,4,4,0.01944444444446236,1
4399,122,5,4,0.16805555555557705,1
4400,122,6,4,0.01944444444446236,1
4401,123,0,1,1,3
4402,123,1,1,1,3
4403,123,2,1,1,3
4404,123,0,2,0,3
4405,123,1,2,1,3
4406,123,2,2,1,3
4407,123,0,3,0,3
4408,123,1,3,0,3
4409,123,2,3,1,2
4410,123,0,4,0.4652777777777901,1
4411,123,1,4,0.31666666666668364,1
4412,123,2,4,0.16805555555556895,1
4413,124,0,1,3,3
4414,124,1,1,2,3
4415,124,2,1,2,3
4416,124,3,1,2,3
4417,124,4,1,2,2
4418,124,5,1,2,3
4419,124,6,1,2,2
4420,124,7,1,2,3
4421,124,8,1,1,2
4422,124,9,1,2,2
4423,124,10,1,1,2
4424,124,11,1,1,2
4425,124,12,1,1,1
4426,124,13,1,1,2
4427,124,14,1,1,1
4428,124,15,1,2,2
4429,124,16,1,1,2
4430,124,0,2,0,3
4431,124,1,2,0,1
4432,124,2,2,1,2
4433,124,3,2,1,2
4434,124,4,2,1,1
4435,124,5,2,1,2
4436,124,6,2,0,1
4437,124,7,2,1,1
4438,124,8,2,1,1
4439,124,9,2,1,2
4440,124,10,2,1,1
4441,124,11,2,2,2
4442,124,12,2,1,2
4443,124,13,2,1,2
4444,124,14,2,1,1
4445,124,15,2,1,2
4446,124,16,2,1,1
4447,124,0,3,0,3
4448,124,1,3,0,1
4449,124,2,3,0,2
4450,124,3,3,1,1
4451,124,4,3,0,1
4452,124,5,3,1,1
4453,124,6,3,1,1
4454,124,7,3,1,2
4455,124,8,3,1,1
4456,124,9,3,1,2
4457,124,10,3,1,1
4458,124,11,3,1,2
4459,124,12,3,1,1
4460,124,13,3,2,2
4461,124,14,3,1,2
4462,124,15,3,1,2
4463,124,16,3,1,1
4464,124,0,4,0.16805555555557228,1
4465,124,1,4,0.3166666666666813,1
4466,124,2,4,0.16805555555557472,1
4467,124,3,4,0.01944444444446014,1
4468,124,4,4,0.16805555555557472,1
4469,124,5,4,0.01944444444446014,1
4470,124,6,4,0.16805555555556673,1
4471,124,7,4,0.01944444444446014,1
4472,124,8,4,0.16805555555556895,1
4473,124,9,4,0.01944444444446014,1
4474,124,10,4,0.16805555555556895,1
4475,124,11,4,0.01944444444446236,1
4476,124,12,4,0.16805555555556895,1
4477,124,13,4,0.019444444444454256,1
4478,124,14,4,0.16805555555556895,1
4479,124,15,4,0.01944444444446014,1
4480,124,16,4,0.16805555555556895,1
4481,125,0,1,0,3
4482,125,1,1,0,2
4483,125,2,1,1,1
4484,125,3,1,1,1
4485,125,0,2,2,3
4486,125,1,2,2,3
4487,125,2,2,2,3
4488,125,3,2,1,2
4489,125,0,3,0,3
4490,125,1,3,1,2
4491,125,2,3,1,2
4492,125,3,3,1,1
4493,125,0,4,0.3166666666666861,1
4494,125,1,4,0.1680555555555715,1
4495,125,2,4,0.01944444444446236,1
4496,125,3,4,0.16805555555556895,1
