upid,usid,prid,utility,points,selected,rating,rated,purchased,minPrice,maxPrice,indifferencePrice,price,exchangeWTP,minExchangeWTP,maxExchangeWTP,linearWTP,minLinearWTP,maxLinearWTP,logisticWTP,minLogisticWTP,maxLogisticWTP,directWTP,minDirectWTP,maxDirectWTP
4223,67,3,0.16667222225260048,33,1,8,1,0,300,500,400,300,750,750,750,540.0130999810708,410.7829949341619,669.2394939310976,750,750,750,750,750,750
4229,67,9,0.3333277777473995,33,1,6,1,0,300,490,350,450,750,750,750,690.0000999926739,560.7743022316672,750,750,750,750,750,750,750
4236,67,16,0.49998888888967485,33,1,6,1,0,350,550,450,600,750,750,750,750,710.7656101520354,750,750,750,750,750,750,750
4239,67,19,0.49998888888967485,33,1,5,1,0,300,500,400,600,750,750,750,750,710.7656101520354,750,750,750,750,750,750,750
4245,67,25,0.5,33,1,7,1,0,300,550,450,600,750,750,750,750,710.7756097386365,750,750,750,750,750,750,750
4255,67,35,0.6666611111422753,33,1,7,1,0,400,600,500,750,750,750,750,750,750,750,750,750,750,750,750,750
4256,67,36,0.6666722222526005,33,1,7,1,0,350,550,450,750,750,750,750,750,750,750,750,750,750,750,750,750
4279,67,59,0.6666611111422753,33,1,4,1,0,400,650,550,750,750,750,750,750,750,750,750,750,750,750,750,750
4289,68,3,0.16667222225260048,33,1,8,1,0,200,400,300,300,450.01500016606064,750,750,596.0121981031998,484.0133049848265,708.0083037914899,750,750,750,450.01500016606064,750,750
4295,68,9,0.3333277777473995,33,1,5,1,0,300,500,400,450,600.0049998333359,750,750,745.9973316826915,634.0021714739946,750,750,750,750,600.0049998333359,750,750
4302,68,16,0.49998888888967485,33,1,9,1,0,400,650,500,600,749.9950001670527,750,750,750,750,750,750,750,750,749.9950001670527,750,750
4305,68,19,0.49998888888967485,33,1,9,1,0,400,650,500,600,749.9950001670527,750,750,750,750,750,750,750,750,749.9950001670527,750,750
4311,68,25,0.5,33,1,6,1,0,300,650,450,600,750,750,750,750,750,750,750,750,750,750,750,750
4321,68,35,0.6666611111422753,33,1,7,1,0,500,750,600,750,750,750,750,750,750,750,750,750,750,750,750,750
4322,68,36,0.6666722222526005,33,1,8,1,0,400,780,550,750,750,750,750,750,750,750,750,750,750,750,750,750
4345,68,59,0.6666611111422753,33,1,3,1,0,400,750,600,750,750,750,750,750,750,750,750,750,750,750,750,750
4355,69,3,0.16667222225260048,33,1,9,1,0,200,300,250,300,450.010000166463,750,750,453.8596303377456,238.46873970961988,669.240211850864,750,750,750,450.010000166463,750,750
4361,69,9,0.3333277777473995,33,1,8,1,0,300,450,350,450,600.000000000391,750,750,603.849501861416,388.46579049751347,750,750,750,750,600.000000000391,750,750
4368,69,16,0.49998888888967485,33,1,5,1,0,300,500,400,600,749.9900005007548,750,750,750,538.4628417163515,750,750,750,750,749.9900005007548,750,750
4371,69,19,0.49998888888967485,33,1,4,1,0,300,500,400,600,749.9900005007548,750,750,750,538.4628417163515,750,750,750,750,749.9900005007548,750,750
4377,69,25,0.5,33,1,6,1,0,300,500,400,600,750,750,750,750,538.4728416858392,750,750,750,750,750,750,750
4387,69,35,0.6666611111422753,33,1,6,1,0,400,650,500,750,750,750,750,750,688.4648929336033,750,750,750,750,750,750,750
4388,69,36,0.6666722222526005,33,1,3,1,0,300,500,400,750,750,750,750,750,688.4748925697596,750,750,750,750,750,750,750
4411,69,59,0.6666611111422753,33,1,5,1,0,300,550,400,750,750,750,750,750,688.4648929336033,750,750,750,750,750,750,750
4421,70,3,0.16667222225260048,33,1,6,1,0,300,500,450,300,300.01000049941746,750,750,554.8803353365303,406.2057713868154,703.5499874225327,750,750,750,300.01000049941746,750,750
4427,70,9,0.3333277777473995,33,1,9,1,0,450,501,500,450,450.00499999999874,750,750,704.8668398256477,556.1972312471321,750,750,750,750,450.00499999999874,750,750
4434,70,16,0.49998888888967485,33,1,5,1,0,400,601,500,600,600.000000000391,750,750,750,706.1886917252273,750,750,750,750,600.000000000391,750,750
4437,70,19,0.49998888888967485,33,1,10,1,0,600,700,650,600,600.000000000391,750,750,750,706.1886917252273,750,750,750,750,600.000000000391,750,750
4443,70,25,0.5,33,1,8,1,0,400,601,600,600,600.0099998331307,750,750,750,706.1986913219989,750,750,750,750,600.0099998331307,750,750
4453,70,35,0.6666611111422753,33,1,4,1,0,400,700,600,750,750,750,750,750,750,750,750,750,750,750,750,750
4454,70,36,0.6666722222526005,33,1,4,1,0,400,650,600,750,750,750,750,750,750,750,750,750,750,750,750,750
4477,70,59,0.6666611111422753,33,1,5,1,0,300,500,450,750,750,750,750,750,750,750,750,750,750,750,750,750
4487,71,3,0.16667222225260048,33,1,8,1,0,400,500,450,300,600.0099998331307,750,750,432.12312136479636,277.9900931757041,586.2508704045124,750,750,750,600.0099998331307,750,750
4493,71,9,0.3333277777473995,33,1,3,1,0,400,500,450,450,749.9950001670527,750,750,582.1137173795175,427.9858266382905,736.2363293232779,750,750,750,749.9950001670527,750,750
4500,71,16,0.49998888888967485,33,1,8,1,0,570,650,600,600,750,750,750,732.1043140408065,577.981560576226,750,750,750,750,750,750,750
4503,71,19,0.49998888888967485,33,1,5,1,0,500,600,550,600,750,750,750,732.1043140408065,577.981560576226,750,750,750,750,750,750,750
4509,71,25,0.5,33,1,4,1,0,500,600,550,600,750,750,750,732.1143135799902,577.9915604578949,750,750,750,750,750,750,750
4519,71,35,0.6666611111422753,33,1,4,1,0,550,650,600,750,750,750,750,750,727.9822945135737,750,750,750,750,750,750,750
4520,71,36,0.6666722222526005,33,1,5,1,0,600,700,650,750,750,750,750,750,727.9922940619172,750,750,750,750,750,750,750
4543,71,59,0.6666611111422753,33,1,6,1,0,550,650,620,750,750,750,750,750,727.9822945135737,750,750,750,750,750,750,750
4553,72,3,0.16667222225260048,33,1,10,1,0,300,450,350,300,450.010000166463,750,750,502.2599012573368,313.4891564741363,691.0227276174662,750,750,750,450.010000166463,750,750
4559,72,9,0.3333277777473995,33,1,2,1,0,300,450,350,450,600.000000000391,750,750,652.2481595831416,463.4837066926574,750,750,750,750,600.000000000391,750,750
4566,72,16,0.49998888888967485,33,1,10,1,0,600,700,650,600,749.9900005007548,750,750,750,613.4782574259633,750,750,750,750,749.9900005007548,750,750
4569,72,19,0.49998888888967485,33,1,10,1,0,600,700,650,600,749.9900005007548,750,750,750,613.4782574259633,750,750,750,750,749.9900005007548,750,750
4575,72,25,0.5,33,1,5,1,0,500,600,550,600,750,750,750,750,613.488257228752,750,750,750,750,750,750,750
4585,72,35,0.6666611111422753,33,1,4,1,0,650,750,700,750,750,750,750,750,750,750,750,750,750,750,750,750
4586,72,36,0.6666722222526005,33,1,3,1,0,650,750,700,750,750,750,750,750,750,750,750,750,750,750,750,750
4609,72,59,0.6666611111422753,33,1,4,1,0,600,700,650,750,750,750,750,750,750,750,750,750,750,750,750,750
4619,73,3,0.16667222225260048,33,1,3,1,0,150,350,220,300,600.0149998329199,750,750,431.6252737551555,323.2348368162757,540.0130999810708,750,750,750,600.0149998329199,750,750
4625,73,9,0.3333277777473995,33,1,3,1,0,180,400,250,450,750,750,750,581.6158863634811,473.2290621963536,690.0000999926739,750,750,750,750,750,750
4632,73,16,0.49998888888967485,33,1,8,1,0,250,650,450,600,750,750,750,731.6064996178211,623.2232881020425,750,750,750,750,750,750,750
4635,73,19,0.49998888888967485,33,1,6,1,0,200,650,450,600,750,750,750,731.6064996178211,623.2232881020425,750,750,750,750,750,750,750
4641,73,25,0.5,33,1,4,1,0,150,350,220,600,750,750,750,731.6164991581111,623.233287883176,750,750,750,750,750,750,750
4651,73,35,0.6666611111422753,33,1,7,1,0,250,800,500,750,750,750,750,750,750,750,750,750,750,750,750,750
4652,73,36,0.6666722222526005,33,1,6,1,0,250,600,450,750,750,750,750,750,750,750,750,750,750,750,750,750
4675,73,59,0.6666611111422753,33,1,3,1,0,150,400,220,750,750,750,750,750,750,750,750,750,750,750,750,750
4685,74,3,0.16667222225260048,33,1,5,1,0,300,320,310,300,600.0050000001913,750,750,142.1054017917115,0,363.1695778785255,750,750,750,600.0050000001913,750,750
4691,74,9,0.3333277777473995,33,1,5,1,0,450,500,470,450,749.9900005007548,750,750,292.10566460807235,71.03799736623247,513.1624721799043,750,750,750,749.9900005007548,750,750
4698,74,16,0.49998888888967485,33,1,3,1,0,450,510,500,600,750,750,750,442.10592774932,221.0456295003322,663.1553670512558,750,750,750,750,750,750
4701,74,19,0.49998888888967485,33,1,5,1,0,500,600,550,600,750,750,750,442.10592774932,221.0456295003322,663.1553670512558,750,750,750,750,750,750
4707,74,25,0.5,33,1,3,1,0,400,500,450,600,750,750,750,442.1159279319366,221.0556301747145,663.1653667436536,750,750,750,750,750,750
4717,74,35,0.6666611111422753,33,1,3,1,0,480,550,500,750,750,750,750,592.1111908884801,371.0582616333224,750,750,750,750,750,750,750
4718,74,36,0.6666722222526005,33,1,4,1,0,400,500,450,750,750,750,750,592.1211907387502,371.068261974826,750,750,750,750,750,750,750
4741,74,59,0.6666611111422753,33,1,4,1,0,490,550,500,750,750,750,750,592.1111908884801,371.0582616333224,750,750,750,750,750,750,750
4751,75,3,0.16667222225260048,33,1,3,1,0,250,310,300,300,600.0199996658482,750,750,243.52913503163427,45.862305651897,441.1872820865974,750,750,750,600.0199996658482,750,750
4757,75,9,0.3333277777473995,33,1,7,1,0,450,525,500,450,750,750,750,393.52601714590634,195.8657765579205,591.1775759879083,750,750,750,750,750,750
4764,75,16,0.49998888888967485,33,1,7,1,0,550,625,600,600,750,750,750,543.5228996967446,345.8692476819008,741.1678705448558,750,750,750,750,750,750
4767,75,19,0.49998888888967485,33,1,6,1,0,550,625,600,600,750,750,750,543.5228996967446,345.8692476819008,741.1678705448558,750,750,750,750,750,750
4773,75,25,0.5,33,1,3,1,0,550,610,600,600,750,750,750,543.5328996549877,345.87924807938197,741.1778700629002,750,750,750,750,750,750
4783,75,35,0.6666611111422753,33,1,3,1,0,600,750,650,750,750,750,750,693.5247822459964,495.87771880378716,750,750,750,750,750,750,750
4784,75,36,0.6666722222526005,33,1,3,1,0,600,750,700,750,750,750,750,693.534781870909,495.88771886790846,750,750,750,750,750,750,750
4807,75,59,0.6666611111422753,33,1,3,1,0,600,750,650,750,750,750,750,693.5247822459964,495.87771880378716,750,750,750,750,750,750,750
4817,76,3,0.16667222225260048,33,1,7,1,0,400,650,600,300,450.010000166463,750,750,400.01277803993185,200.00476222919264,600.0119046433424,750,750,750,450.010000166463,750,750
4823,76,9,0.3333277777473995,33,1,8,1,0,500,600,550,450,600.000000000391,750,750,550.004444318309,350.00309510807216,749.996904913778,750,750,750,600.000000000391,750,750
4830,76,16,0.49998888888967485,33,1,2,1,0,500,600,550,600,749.9900005007548,750,750,699.9961112075853,500.0014283756642,750,750,750,750,749.9900005007548,750,750
4833,76,19,0.49998888888967485,33,1,8,1,0,600,700,650,600,749.9900005007548,750,750,699.9961112075853,500.0014283756642,750,750,750,750,749.9900005007548,750,750
4839,76,25,0.5,33,1,5,1,0,500,700,650,600,750,750,750,700.0061108181176,500.0114284306218,750,750,750,750,750,750,750
4849,76,35,0.6666611111422753,33,1,2,1,0,600,700,650,750,750,750,750,750,650.004761642669,750,750,750,750,750,750,750
4850,76,36,0.6666722222526005,33,1,5,1,0,600,750,700,750,750,750,750,750,650.0147613642895,750,750,750,750,750,750,750
4873,76,59,0.6666611111422753,33,1,6,1,0,650,800,700,750,750,750,750,750,650.004761642669,750,750,750,750,750,750,750
4883,77,3,0.16667222225260048,33,1,6,1,0,350,450,400,300,450.01500016606064,750,750,517.4628916755892,404.710155075388,630.2128031955513,750,750,750,450.01500016606064,750,750
4889,77,9,0.3333277777473995,33,1,5,1,0,300,500,400,450,600.0049998333359,750,750,667.450643285015,554.7016647859209,750,750,750,750,600.0049998333359,750,750
4896,77,16,0.49998888888967485,33,1,7,1,0,600,700,650,600,749.9950001670527,750,750,750,704.6931751125708,750,750,750,750,749.9950001670527,750,750
4899,77,19,0.49998888888967485,33,1,7,1,0,580,650,630,600,749.9950001670527,750,750,750,704.6931751125708,750,750,750,750,749.9950001670527,750,750
4905,77,25,0.5,33,1,5,1,0,320,450,380,600,750,750,750,750,704.7031747126657,750,750,750,750,750,750,750
4915,77,35,0.6666611111422753,33,1,7,1,0,600,700,650,750,750,750,750,750,750,750,750,750,750,750,750,750
4916,77,36,0.6666722222526005,33,1,6,1,0,600,750,650,750,750,750,750,750,750,750,750,750,750,750,750,750
4939,77,59,0.6666611111422753,33,1,5,1,0,500,600,550,750,750,750,750,750,750,750,750,750,750,750,750,750
4949,78,3,0.16667222225260048,33,1,7,1,0,250,400,350,300,0,750,750,552.6445498188609,426.3284558833393,678.957098130445,750,750,750,0,750,750
4955,78,9,0.3333277777473995,33,1,7,1,0,400,600,500,450,0,750,750,702.631128826234,576.3192450383726,750,750,750,750,0,750,750
4962,78,16,0.49998888888967485,33,1,7,1,0,550,750,650,600,0,750,750,750,726.3100348335366,750,750,750,750,0,750,750
4965,78,19,0.49998888888967485,33,1,7,1,0,550,700,650,600,0,750,750,750,726.3100348335366,750,750,750,750,0,750,750
4971,78,25,0.5,33,1,6,1,0,450,650,600,600,0,750,750,750,726.320034385596,750,750,750,750,0,750,750
4981,78,35,0.6666611111422753,33,1,5,1,0,500,800,700,750,149.98999949997304,750,750,750,750,750,750,750,750,149.98999949997304,750,750
4982,78,36,0.6666722222526005,33,1,6,1,0,500,800,700,750,150.0000003322686,750,750,750,750,750,750,750,750,150.0000003322686,750,750
5005,78,59,0.6666611111422753,33,1,6,1,0,650,800,750,750,149.98999949997304,750,750,750,750,750,750,750,750,149.98999949997304,750,750
5015,79,3,0.16667222225260048,33,1,7,1,0,280,350,320,300,450.01500016606064,750,750,166.66515423106674,0,433.345419041988,750,750,750,450.01500016606064,750,750
5021,79,9,0.3333277777473995,33,1,6,1,0,350,450,400,450,600.0049998333359,750,750,316.6645984039563,49.97741852789409,583.3359743176914,750,750,750,600.0049998333359,750,750
5028,79,16,0.49998888888967485,33,1,5,1,0,400,500,450,600,749.9950001670527,750,750,466.6640429280192,199.9857527069492,733.3265302403206,750,750,750,749.9950001670527,750,750
5031,79,19,0.49998888888967485,33,1,5,1,0,400,500,450,600,749.9950001670527,750,750,466.6640429280192,199.9857527069492,733.3265302403206,750,750,750,749.9950001670527,750,750
5037,79,25,0.5,33,1,2,1,0,300,400,350,600,750,750,750,466.67404305706054,199.9957534281345,733.3365297757894,750,750,750,750,750,750
5047,79,35,0.6666611111422753,33,1,3,1,0,400,500,450,750,750,750,750,616.6684874514942,349.9990868848915,750,750,750,750,750,750,750
5048,79,36,0.6666722222526005,33,1,3,1,0,400,450,430,750,750,750,750,616.6784872471935,350.0090872731949,750,750,750,750,750,750,750
5071,79,59,0.6666611111422753,33,1,5,1,0,450,550,500,750,750,750,750,616.6684874514942,349.9990868848915,750,750,750,750,750,750,750
5081,80,3,0.16667222225260048,33,1,5,1,0,250,350,300,300,300.01000049941746,750,750,0,0,119.98714869816183,750,750,750,300.01000049941746,750,750
5087,80,9,0.3333277777473995,33,1,8,1,0,350,450,400,450,450.00499999999874,750,750,0,0,269.9881487809412,750,750,750,450.00499999999874,750,750
5094,80,16,0.49998888888967485,33,1,4,1,0,350,450,400,600,600.000000000391,750,750,0,0,419.9891491630345,750,750,750,600.000000000391,750,750
5097,80,19,0.49998888888967485,33,1,4,1,0,350,450,400,600,600.000000000391,750,750,0,0,419.9891491630345,750,750,750,600.000000000391,750,750
5103,80,25,0.5,33,1,1,1,0,200,300,250,600,600.0099998331307,750,750,0,0,419.99914939579963,750,750,750,600.0099998331307,750,750
5113,80,35,0.6666611111422753,33,1,2,1,0,350,450,400,750,750,750,750,149.9719968799449,0,569.995149544538,750,750,750,750,750,750
5114,80,36,0.6666722222526005,33,1,2,1,0,400,500,450,750,750,750,750,149.9819977127801,0,570.0051494439542,750,750,750,750,750,750
5137,80,59,0.6666611111422753,33,1,4,1,0,400,500,450,750,750,750,750,149.9719968799449,0,569.995149544538,750,750,750,750,750,750
5147,81,3,0.16667222225260048,33,1,6,1,0,350,550,450,300,600.0099998331307,750,750,489.48666113945876,363.16808197114324,615.8016945443192,750,750,750,600.0099998331307,750,750
5153,81,9,0.3333277777473995,33,1,6,1,0,350,475,450,450,749.9950001670527,750,750,639.4753452001146,513.1609763223825,750,750,750,750,749.9950001670527,750,750
5160,81,16,0.49998888888967485,33,1,6,1,0,350,475,450,600,750,750,750,750,663.1538712435928,750,750,750,750,750,750,750
5163,81,19,0.49998888888967485,33,1,7,1,0,400,500,450,600,750,750,750,750,663.1538712435928,750,750,750,750,750,750,750
5169,81,25,0.5,33,1,4,1,0,300,450,400,600,750,750,750,750,663.1638709359938,750,750,750,750,750,750,750
5179,81,35,0.6666611111422753,33,1,7,1,0,400,500,450,750,750,750,750,750,750,750,750,750,750,750,750,750
5180,81,36,0.6666722222526005,33,1,4,1,0,300,500,450,750,750,750,750,750,750,750,750,750,750,750,750,750
5203,81,59,0.6666611111422753,33,1,6,1,0,350,475,425,750,750,750,750,750,750,750,750,750,750,750,750,750
5213,82,3,0.16667222225260048,33,1,7,1,0,250,400,310,300,450.01500016606064,750,750,579.0823647001048,481.40856689305417,676.7540425152197,750,750,750,450.01500016606064,750,750
5219,82,9,0.3333277777473995,33,1,5,1,0,200,460,450,450,600.0049998333359,750,750,729.0680625421052,631.3975201989591,750,750,750,750,600.0049998333359,750,750
5226,82,16,0.49998888888967485,33,1,8,1,0,500,700,600,600,749.9950001670527,750,750,750,750,750,750,750,750,749.9950001670527,750,750
5229,82,19,0.49998888888967485,33,1,8,1,0,500,700,600,600,749.9950001670527,750,750,750,750,750,750,750,750,749.9950001670527,750,750
5235,82,25,0.5,33,1,5,1,0,400,700,620,600,750,750,750,750,750,750,750,750,750,750,750,750
5245,82,35,0.6666611111422753,33,1,8,1,0,600,850,770,750,750,750,750,750,750,750,750,750,750,750,750,750
5246,82,36,0.6666722222526005,33,1,7,1,0,500,800,765,750,750,750,750,750,750,750,750,750,750,750,750,750
5269,82,59,0.6666611111422753,33,1,6,1,0,500,790,750,750,750,750,750,750,750,750,750,750,750,750,750,750
5279,83,3,0.16667222225260048,33,1,3,1,0,220,350,300,300,450.01500016606064,750,750,212.19292499248664,7.293187715331612,417.083332939859,750,750,750,450.01500016606064,750,750
5285,83,9,0.3333277777473995,33,1,7,1,0,330,420,390,450,600.0049998333359,750,750,362.1908516121098,157.29794427294954,567.0744302419147,750,750,750,600.0049998333359,750,750
5292,83,16,0.49998888888967485,33,1,6,1,0,360,450,400,600,749.9950001670527,750,750,512.1887786329867,307.3027010046711,717.0655281738318,750,750,750,749.9950001670527,750,750
5295,83,19,0.49998888888967485,33,1,6,1,0,350,430,400,600,749.9950001670527,750,750,512.1887786329867,307.3027010046711,717.0655281738318,750,750,750,749.9950001670527,750,750
5301,83,25,0.5,33,1,3,1,0,350,430,400,600,750,750,750,512.198778659862,307.31270148785956,717.0755277464335,750,750,750,750,750,750
5311,83,35,0.6666611111422753,33,1,3,1,0,400,490,440,750,750,750,750,662.1917056522774,457.3124577357938,750,750,750,750,750,750,750
5312,83,36,0.6666722222526005,33,1,3,1,0,380,490,430,750,750,750,750,662.2017053468165,457.3224578856167,750,750,750,750,750,750,750
5335,83,59,0.6666611111422753,33,1,3,1,0,430,500,480,750,750,750,750,662.1917056522774,457.3124577357938,750,750,750,750,750,750,750
5345,84,3,0.16667222225260048,33,1,5,1,0,200,350,250,300,750,750,750,343.25370557538605,191.89447081974694,494.6078494775461,750,750,750,750,750,750
5351,84,9,0.3333277777473995,33,1,5,1,0,250,500,350,450,750,750,750,493.2472636991318,341.8930740349065,644.5963628477436,750,750,750,750,750,750
5358,84,16,0.49998888888967485,33,1,5,1,0,350,500,450,600,750,750,750,643.2408223687285,491.89167762926866,750,750,750,750,750,750,750
5361,84,19,0.49998888888967485,33,1,5,1,0,350,600,450,600,750,750,750,643.2408223687285,491.89167762926866,750,750,750,750,750,750,750
5367,84,25,0.5,33,1,2,1,0,200,350,250,600,750,750,750,643.2508221053795,491.901677702248,750,750,750,750,750,750,750
5377,84,35,0.6666611111422753,33,1,5,1,0,400,550,500,750,750,750,750,750,641.8952812230434,750,750,750,750,750,750,750
5378,84,36,0.6666722222526005,33,1,5,1,0,400,550,500,750,750,750,750,750,641.9052809626846,750,750,750,750,750,750,750
5401,84,59,0.6666611111422753,33,1,5,1,0,400,550,500,750,750,750,750,750,641.8952812230434,750,750,750,750,750,750,750
5411,85,3,0.16667222225260048,33,1,5,1,0,200,301,250,300,450.01500016606064,750,750,581.4941467583926,477.7908128594237,685.1950908488891,750,750,750,450.01500016606064,750,750
5417,85,9,0.3333277777473995,33,1,9,1,0,450,451,451,450,600.0049998333359,750,750,731.4797642166842,627.7798867472868,750,750,750,750,600.0049998333359,750,750
5424,85,16,0.49998888888967485,33,1,6,1,0,500,601,550,600,749.9950001670527,750,750,750,750,750,750,750,750,749.9950001670527,750,750
5427,85,19,0.49998888888967485,33,1,7,1,0,530,601,580,600,749.9950001670527,750,750,750,750,750,750,750,750,749.9950001670527,750,750
5433,85,25,0.5,33,1,8,1,0,550,610,600,600,750,750,750,750,750,750,750,750,750,750,750,750
5443,85,35,0.6666611111422753,33,1,5,1,0,600,751,700,750,750,750,750,750,750,750,750,750,750,750,750,750
5444,85,36,0.6666722222526005,33,1,5,1,0,600,751,700,750,750,750,750,750,750,750,750,750,750,750,750,750
5467,85,59,0.6666611111422753,33,1,9,1,0,600,751,750,750,750,750,750,750,750,750,750,750,750,750,750,750
5477,86,3,0.16667222225260048,33,1,7,1,0,300,500,450,300,300.01000049941746,750,750,0,0,0,750,750,750,300.01000049941746,750,750
5483,86,9,0.3333277777473995,33,1,6,1,0,300,500,450,450,450.00499999999874,750,750,0,0,0,750,750,750,450.00499999999874,750,750
5490,86,16,0.49998888888967485,33,1,5,1,0,400,600,500,600,600.000000000391,750,750,0,0,0,750,750,750,600.000000000391,750,750
5493,86,19,0.49998888888967485,33,1,5,1,0,400,600,500,600,600.000000000391,750,750,0,0,0,750,750,750,600.000000000391,750,750
5499,86,25,0.5,33,1,5,1,0,400,600,500,600,600.0099998331307,750,750,0,0,0,750,750,750,600.0099998331307,750,750
5509,86,35,0.6666611111422753,33,1,1,1,0,300,600,450,750,750,750,750,0,0,0,750,750,750,750,750,750
5510,86,36,0.6666722222526005,33,1,1,1,0,300,600,450,750,750,750,750,0,0,0,750,750,750,750,750,750
5533,86,59,0.6666611111422753,33,1,1,1,0,300,600,450,750,750,750,750,0,0,0,750,750,750,750,750,750
5543,87,3,0.16667222225260048,33,1,3,1,0,250,400,330,300,300.01000049941746,750,750,287.10102876254916,106.44084626985949,467.7539586349537,750,750,750,300.01000049941746,750,750
5549,87,9,0.3333277777473995,33,1,6,1,0,425,550,500,450,450.00499999999874,750,750,437.0964585417892,256.44229789171794,617.7433670550525,750,750,750,450.00499999999874,750,750
5556,87,16,0.49998888888967485,33,1,6,1,0,435,610,545,600,600.000000000391,750,750,587.0918888060002,406.44374979833964,750,750,750,750,600.000000000391,750,750
5559,87,19,0.49998888888967485,33,1,7,1,0,625,750,700,600,600.000000000391,750,750,587.0918888060002,406.44374979833964,750,750,750,750,600.000000000391,750,750
5565,87,25,0.5,33,1,5,1,0,500,750,650,600,600.0099998331307,750,750,587.1018886674242,406.4537500612064,750,750,750,750,600.0099998331307,750,750
5575,87,35,0.6666611111422753,33,1,6,1,0,465,600,550,750,750,750,750,737.0923190696229,556.4502017043708,750,750,750,750,750,750,750
5576,87,36,0.6666722222526005,33,1,3,1,0,650,790,750,750,750,750,750,737.1023185977228,556.4602016338865,750,750,750,750,750,750,750
5599,87,59,0.6666611111422753,33,1,0,1,0,200,330,270,750,750,750,750,737.0923190696229,556.4502017043708,750,750,750,750,750,750,750
5609,88,3,0.16667222225260048,33,1,5,1,0,150,300,200,300,600.0099998331307,750,750,619.3251970750247,547.2233483905999,691.4258905164966,750,750,750,600.0099998331307,750,750
5615,88,9,0.3333277777473995,33,1,6,1,0,200,400,350,450,749.9950001670527,750,750,750,697.2101080846172,750,750,750,750,749.9950001670527,750,750
5622,88,16,0.49998888888967485,33,1,10,1,0,400,600,500,600,750,750,750,750,750,750,750,750,750,750,750,750
5625,88,19,0.49998888888967485,33,1,9,1,0,300,600,500,600,750,750,750,750,750,750,750,750,750,750,750,750
5631,88,25,0.5,33,1,5,1,0,200,500,400,600,750,750,750,750,750,750,750,750,750,750,750,750
5641,88,35,0.6666611111422753,33,1,10,1,0,400,750,600,750,750,750,750,750,750,750,750,750,750,750,750,750
5642,88,36,0.6666722222526005,33,1,9,1,0,400,650,600,750,750,750,750,750,750,750,750,750,750,750,750,750
5665,88,59,0.6666611111422753,33,1,7,1,0,300,600,500,750,750,750,750,750,750,750,750,750,750,750,750,750
5675,89,3,0.16667222225260048,33,1,3,1,0,300,400,350,300,300.01000049941746,750,750,446.6802396852305,353.3454435663931,540.0130999810708,750,750,750,300.01000049941746,750,750
5681,89,9,0.3333277777473995,33,1,4,1,0,400,500,450,450,450.00499999999874,750,750,596.6703505019664,503.3386653193022,690.0000999926739,750,750,750,450.00499999999874,750,750
5688,89,16,0.49998888888967485,33,1,3,1,0,500,650,550,600,600.000000000391,750,750,746.6604619814398,653.3318876302717,750,750,750,750,600.000000000391,750,750
5691,89,19,0.49998888888967485,33,1,5,1,0,550,650,600,600,600.000000000391,750,750,746.6604619814398,653.3318876302717,750,750,750,750,600.000000000391,750,750
5697,89,25,0.5,33,1,3,1,0,500,650,600,600,600.0099998331307,750,750,746.6704614882781,653.3418873444989,750,750,750,750,600.0099998331307,750,750
5707,89,35,0.6666611111422753,33,1,5,1,0,650,750,700,750,750,750,750,750,750,750,750,750,750,750,750,750
5708,89,36,0.6666722222526005,33,1,8,1,0,700,760,750,750,750,750,750,750,750,750,750,750,750,750,750,750
5731,89,59,0.6666611111422753,33,1,9,1,0,750,780,760,750,750,750,750,750,750,750,750,750,750,750,750,750
5741,90,3,0.16667222225260048,33,1,2,1,0,200,400,300,300,450.010000166463,750,750,0,0,0,750,750,750,450.010000166463,750,750
5747,90,9,0.3333277777473995,33,1,4,1,0,350,500,400,450,600.000000000391,750,750,0,0,129.98478751667804,750,750,750,600.000000000391,750,750
5754,90,16,0.49998888888967485,33,1,3,1,0,400,600,500,600,749.9900005007548,750,750,0,0,279.9904547034178,750,750,750,749.9900005007548,750,750
5757,90,19,0.49998888888967485,33,1,3,1,0,400,600,500,600,749.9900005007548,750,750,0,0,279.9904547034178,750,750,750,749.9900005007548,750,750
5763,90,25,0.5,33,1,0,1,0,250,450,300,600,750,750,750,0,0,280.0004552473032,750,750,750,750,750,750
5773,90,35,0.6666611111422753,33,1,3,1,0,500,600,550,750,750,750,750,149.98599861587107,0,430.0011218890559,750,750,750,750,750,750
5774,90,36,0.6666722222526005,33,1,3,1,0,500,700,600,750,750,750,750,149.99599944817555,0,430.0111220995717,750,750,750,750,750,750
5797,90,59,0.6666611111422753,33,1,2,1,0,400,500,450,750,750,750,750,149.98599861587107,0,430.0011218890559,750,750,750,750,750,750
5807,91,3,0.16667222225260048,33,1,7,1,0,250,400,300,300,600.0099998331307,750,750,571.7106071991744,466.05138151005804,677.367352085102,750,750,750,600.0099998331307,750,750
5813,91,9,0.3333277777473995,33,1,7,1,0,350,450,400,450,749.9950001670527,750,750,721.6965507391021,616.0408466767863,750,750,750,750,749.9950001670527,750,750
5820,91,16,0.49998888888967485,33,1,6,1,0,300,650,550,600,750,750,750,750,750,750,750,750,750,750,750,750
5823,91,19,0.49998888888967485,33,1,6,1,0,400,600,500,600,750,750,750,750,750,750,750,750,750,750,750,750
5829,91,25,0.5,33,1,6,1,0,300,400,350,600,750,750,750,750,750,750,750,750,750,750,750,750
5839,91,35,0.6666611111422753,33,1,5,1,0,450,700,550,750,750,750,750,750,750,750,750,750,750,750,750,750
5840,91,36,0.6666722222526005,33,1,8,1,0,400,550,500,750,750,750,750,750,750,750,750,750,750,750,750,750
5863,91,59,0.6666611111422753,33,1,8,1,0,500,750,600,750,750,750,750,750,750,750,750,750,750,750,750,750
5873,92,3,0.16667222225260048,33,1,7,1,0,250,350,300,300,0,750,750,441.18980122439274,276.47948040364565,605.8940934892911,750,750,750,0,750,750
5879,92,9,0.3333277777473995,33,1,6,1,0,350,450,400,450,149.9949996670645,750,750,591.1800950407401,426.4752642177282,750,750,750,750,149.9949996670645,750,750
5886,92,16,0.49998888888967485,33,1,6,1,0,450,550,500,600,299.99999983363307,750,750,741.170389513726,576.4710485054817,750,750,750,750,299.99999983363307,750,750
5889,92,19,0.49998888888967485,33,1,6,1,0,450,550,500,600,299.99999983363307,750,750,741.170389513726,576.4710485054817,750,750,750,750,299.99999983363307,750,750
5895,92,25,0.5,33,1,5,1,0,450,550,500,600,300.0100003335501,750,750,741.180389032764,576.4810483905072,750,750,750,750,300.0100003335501,750,750
5905,92,35,0.6666611111422753,33,1,4,1,0,450,550,500,750,450.01000000060117,750,750,750,726.4718327926473,750,750,750,750,450.01000000060117,750,750
5906,92,36,0.6666722222526005,33,1,6,1,0,550,650,600,750,450.02000016565285,750,750,750,726.4818323443471,750,750,750,750,450.02000016565285,750,750
5929,92,59,0.6666611111422753,33,1,4,1,0,400,550,450,750,450.01000000060117,750,750,750,726.4718327926473,750,750,750,750,450.01000000060117,750,750
5939,93,3,0.16667222225260048,33,1,4,1,0,300,500,400,300,0,750,750,300.00859556025534,139.99848094099303,460.0130207756447,750,750,750,0,750,750
5945,93,9,0.3333277777473995,33,1,4,1,0,300,500,400,450,149.9949996670645,750,750,450.0035951086648,289.9988139870179,610.0026872037088,750,750,750,149.9949996670645,750,750
5952,93,16,0.49998888888967485,33,1,5,1,0,350,550,450,600,299.99999983363307,750,750,599.9985951558843,439.99914735508924,750,750,750,750,299.99999983363307,750,750
5955,93,19,0.49998888888967485,33,1,6,1,0,400,600,450,600,299.99999983363307,750,750,599.9985951558843,439.99914735508924,750,750,750,750,299.99999983363307,750,750
5961,93,25,0.5,33,1,4,1,0,300,500,400,600,300.0100003335501,750,750,600.0085949886272,440.00914754338675,750,750,750,750,300.0100003335501,750,750
5971,93,35,0.6666611111422753,33,1,4,1,0,350,550,400,750,450.01000000060117,750,750,749.9985952025154,590.0044807225715,750,750,750,750,450.01000000060117,750,750
5972,93,36,0.6666722222526005,33,1,5,1,0,350,550,450,750,450.02000016565285,750,750,750,590.0144805775233,750,750,750,750,450.02000016565285,750,750
5995,93,59,0.6666611111422753,33,1,3,1,0,400,600,500,750,450.01000000060117,750,750,749.9985952025154,590.0044807225715,750,750,750,750,450.01000000060117,750,750
6005,94,3,0.16667222225260048,33,1,3,1,0,300,351,350,300,300.01000049941746,750,750,458.3458093485579,341.6756802141778,575.0129136894656,750,750,750,300.01000049941746,750,750
6011,94,9,0.3333277777473995,33,1,6,1,0,450,501,500,450,450.00499999999874,750,750,608.3355313455918,491.6692909346434,724.9987471656991,750,750,750,450.00499999999874,750,750
6018,94,16,0.49998888888967485,33,1,7,1,0,550,601,600,600,600.000000000391,750,750,750,641.6629022012053,750,750,750,750,600.000000000391,750,750
6021,94,19,0.49998888888967485,33,1,7,1,0,550,601,600,600,600.000000000391,750,750,750,641.6629022012053,750,750,750,750,600.000000000391,750,750
6027,94,25,0.5,33,1,5,1,0,450,501,500,600,600.0099998331307,750,750,750,641.6729019413627,750,750,750,750,600.0099998331307,750,750
6037,94,35,0.6666611111422753,33,1,7,1,0,550,601,600,750,750,750,750,750,750,750,750,750,750,750,750,750
6038,94,36,0.6666722222526005,33,1,5,1,0,450,551,550,750,750,750,750,750,750,750,750,750,750,750,750,750
6061,94,59,0.6666611111422753,33,1,3,1,0,450,551,550,750,750,750,750,750,750,750,750,750,750,750,750,750
6071,95,3,0.16667222225260048,33,1,0,1,0,200,350,300,300,300.01000049941746,750,750,750,750,750,750,750,750,300.01000049941746,750,750
6077,95,9,0.3333277777473995,33,1,0,1,0,150,300,200,450,450.00499999999874,750,750,750,750,750,750,750,750,450.00499999999874,750,750
6084,95,16,0.49998888888967485,33,1,0,1,0,250,500,350,600,600.000000000391,750,750,750,750,750,750,750,750,600.000000000391,750,750
6087,95,19,0.49998888888967485,33,1,0,1,0,250,500,350,600,600.000000000391,750,750,750,750,750,750,750,750,600.000000000391,750,750
6093,95,25,0.5,33,1,0,1,0,200,350,300,600,600.0099998331307,750,750,750,750,750,750,750,750,600.0099998331307,750,750
6103,95,35,0.6666611111422753,33,1,0,1,0,250,500,350,750,750,750,750,750,750,750,750,750,750,750,750,750
6104,95,36,0.6666722222526005,33,1,0,1,0,270,400,350,750,750,750,750,750,750,750,750,750,750,750,750,750
6127,95,59,0.6666611111422753,33,1,0,1,0,200,450,300,750,750,750,750,750,750,750,750,750,750,750,750,750
6137,96,3,0.16667222225260048,33,1,7,1,0,300,550,450,300,150.00000016639575,750,750,648.3980825372904,558.0774450273066,738.7169072353129,750,750,750,150.00000016639575,750,750
6143,96,9,0.3333277777473995,33,1,8,1,0,499,600,550,450,299.99999983363307,750,750,750,708.0638429565038,750,750,750,750,299.99999983363307,750,750
6150,96,16,0.49998888888967485,33,1,8,1,0,400,550,500,600,449.9999998345281,750,750,750,750,750,750,750,750,449.9999998345281,750,750
6153,96,19,0.49998888888967485,33,1,9,1,0,550,600,590,600,449.9999998345281,750,750,750,750,750,750,750,750,449.9999998345281,750,750
6159,96,25,0.5,33,1,8,1,0,500,750,600,600,450.01000000060117,750,750,750,750,750,750,750,750,450.01000000060117,750,750
6169,96,35,0.6666611111422753,33,1,7,1,0,400,650,600,750,600.0049998333359,750,750,750,750,750,750,750,750,600.0049998333359,750,750
6170,96,36,0.6666722222526005,33,1,7,1,0,500,750,700,750,600.0149996660646,750,750,750,750,750,750,750,750,600.0149996660646,750,750
6193,96,59,0.6666611111422753,33,1,8,1,0,500,710,700,750,600.0049998333359,750,750,750,750,750,750,750,750,600.0049998333359,750,750
6203,97,3,0.16667222225260048,33,1,4,1,0,300,550,500,300,450.01500016606064,750,750,265.3888370255955,103.8373236792612,426.9345508269755,750,750,750,450.01500016606064,750,750
6209,97,9,0.3333277777473995,33,1,4,1,0,400,600,500,450,600.0049998333359,750,750,415.3849905126931,253.83886208462457,576.9253197804226,750,750,750,600.0049998333359,750,750
6216,97,16,0.49998888888967485,33,1,4,1,0,450,650,550,600,749.9950001670527,750,750,565.3811444591427,403.8404007723582,726.9160893746738,750,750,750,749.9950001670527,750,750
6219,97,19,0.49998888888967485,33,1,6,1,0,450,700,550,600,749.9950001670527,750,750,565.3811444591427,403.8404007723582,726.9160893746738,750,750,750,749.9950001670527,750,750
6225,97,25,0.5,33,1,2,1,0,400,600,500,600,750,750,750,565.3911443688121,403.8504010400111,726.9260889253865,750,750,750,750,750,750
6235,97,35,0.6666611111422753,33,1,6,1,0,500,700,600,750,750,750,750,715.3822984060037,553.8469394580022,750,750,750,750,750,750,750
6236,97,36,0.6666722222526005,33,1,2,1,0,500,700,600,750,750,750,750,715.3922979823459,553.856939393303,750,750,750,750,750,750,750
6259,97,59,0.6666611111422753,33,1,5,1,0,400,700,600,750,750,750,750,715.3822984060037,553.8469394580022,750,750,750,750,750,750,750
6269,98,3,0.16667222225260048,33,1,7,1,0,350,450,400,300,300.01000049941746,750,750,466.97009484106087,320.88052760908295,613.0549195234132,750,750,750,300.01000049941746,750,750
6275,98,9,0.3333277777473995,33,1,6,1,0,400,500,450,450,450.00499999999874,750,750,616.9595293866755,470.87483146282517,750,750,750,750,450.00499999999874,750,750
6282,98,16,0.49998888888967485,33,1,5,1,0,500,600,550,600,600.000000000391,750,750,750,620.8691358385638,750,750,750,750,600.000000000391,750,750
6285,98,19,0.49998888888967485,33,1,5,1,0,500,600,550,600,600.000000000391,750,750,750,620.8691358385638,750,750,750,750,600.000000000391,750,750
6291,98,25,0.5,33,1,6,1,0,550,650,600,600,600.0099998331307,750,750,750,620.8791356249285,750,750,750,750,600.0099998331307,750,750
6301,98,35,0.6666611111422753,33,1,5,1,0,550,650,600,750,750,750,750,750,750,750,750,750,750,750,750,750
6302,98,36,0.6666722222526005,33,1,5,1,0,600,700,650,750,750,750,750,750,750,750,750,750,750,750,750,750
6325,98,59,0.6666611111422753,33,1,6,1,0,600,700,650,750,750,750,750,750,750,750,750,750,750,750,750,750
6335,99,3,0.16667222225260048,33,1,2,1,0,300,400,350,300,600.0199996658482,750,750,214.28658889108988,42.8421124859197,385.7245337204958,750,750,750,600.0199996658482,750,750
6341,99,9,0.3333277777473995,33,1,5,1,0,400,500,450,450,750,750,750,364.2844457235608,192.84568406623367,535.7166762410409,750,750,750,750,750,750
6348,99,16,0.49998888888967485,33,1,4,1,0,450,550,500,600,750,750,750,514.2823029601111,342.8492558601495,685.7088193556142,750,750,750,750,750,750
6351,99,19,0.49998888888967485,33,1,7,1,0,500,600,550,600,750,750,750,514.2823029601111,342.8492558601495,685.7088193556142,750,750,750,750,750,750
6357,99,25,0.5,33,1,3,1,0,400,500,450,600,750,750,750,514.2923029833332,342.8592562643421,685.7188189978949,750,750,750,750,750,750
6367,99,35,0.6666611111422753,33,1,4,1,0,500,600,550,750,750,750,750,664.2851601960742,492.85782765347,750,750,750,750,750,750,750
6368,99,36,0.6666722222526005,33,1,4,1,0,500,600,550,750,750,750,750,664.2951598859614,492.8678277243023,750,750,750,750,750,750,750
6391,99,59,0.6666611111422753,33,1,2,1,0,400,500,450,750,750,750,750,664.2851601960742,492.85782765347,750,750,750,750,750,750,750
6401,100,3,0.16667222225260048,33,1,6,1,0,200,400,320,300,750,750,750,217.81933209162824,0,447.9600916448842,750,750,750,750,750,750
6407,100,9,0.3333277777473995,33,1,7,1,0,400,550,480,450,750,750,750,367.81707116918415,137.6722127694261,597.9501598044169,750,750,750,750,750,750
6414,100,16,0.49998888888967485,33,1,3,1,0,380,700,550,600,750,750,750,517.8148106552438,287.677623703466,747.9402286261102,750,750,750,750,750,750
6417,100,19,0.49998888888967485,33,1,3,1,0,380,700,550,600,750,750,750,517.8148106552438,287.677623703466,747.9402286261102,750,750,750,750,750,750
6423,100,25,0.5,33,1,5,1,0,400,700,600,600,750,750,750,517.8248106706159,287.68762423026794,747.9502281301047,750,750,750,750,750,750
6433,100,35,0.6666611111422753,33,1,2,1,0,380,800,550,750,750,750,750,667.8175501407163,437.68803463740437,750,750,750,750,750,750,750
6434,100,36,0.6666722222526005,33,1,6,1,0,480,800,760,750,750,750,750,667.827549822754,437.69803482983866,750,750,750,750,750,750,750
6457,100,59,0.6666611111422753,33,1,4,1,0,350,800,460,750,750,750,750,667.8175501407163,437.68803463740437,750,750,750,750,750,750,750
6467,101,3,0.16667222225260048,33,1,5,1,0,200,350,250,300,600.0099998331307,750,750,0,0,0,750,750,750,600.0099998331307,750,750
6473,101,9,0.3333277777473995,33,1,5,1,0,300,500,400,450,749.9950001670527,750,750,0,0,0,750,750,750,749.9950001670527,750,750
6480,101,16,0.49998888888967485,33,1,4,1,0,300,600,500,600,750,750,750,0,0,113.49708946309744,750,750,750,750,750,750
6483,101,19,0.49998888888967485,33,1,1,1,0,250,550,450,600,750,750,750,0,0,113.49708946309744,750,750,750,750,750,750
6489,101,25,0.5,33,1,1,1,0,250,450,350,600,750,750,750,0,0,113.50709037699508,750,750,750,750,750,750
6499,101,35,0.6666611111422753,33,1,2,1,0,250,650,500,750,750,750,750,0,0,263.5133068324089,750,750,750,750,750,750
6500,101,36,0.6666722222526005,33,1,2,1,0,300,650,450,750,750,750,750,0,0,263.52330741291223,750,750,750,750,750,750
6523,101,59,0.6666611111422753,33,1,4,1,0,450,650,550,750,750,750,750,0,0,263.5133068324089,750,750,750,750,750,750
6533,102,3,0.16667222225260048,33,1,4,1,0,270,400,320,300,450.010000166463,750,750,166.65984497559177,0,400.0092593468602,750,750,750,450.010000166463,750,750
6539,102,9,0.3333277777473995,33,1,7,1,0,400,500,450,450,600.000000000391,750,750,316.6592893254529,83.30555265443371,550.0009257425185,750,750,750,600.000000000391,750,750
6546,102,16,0.49998888888967485,33,1,4,1,0,450,600,500,600,749.9900005007548,750,750,466.6587340264815,233.31277585659103,699.9925927490722,750,750,750,749.9900005007548,750,750
6549,102,19,0.49998888888967485,33,1,7,1,0,470,650,600,600,749.9900005007548,750,750,466.6587340264815,233.31277585659103,699.9925927490722,750,750,750,749.9900005007548,750,750
6555,102,25,0.5,33,1,3,1,0,450,600,500,600,750,750,750,466.6687341555346,233.32277650421082,700.0025923596123,750,750,750,750,750,750
6565,102,35,0.6666611111422753,33,1,4,1,0,500,650,600,750,750,750,750,616.663178725923,383.3249990581402,750,750,750,750,750,750,750
6566,102,36,0.6666722222526005,33,1,2,1,0,400,550,500,750,750,750,750,616.6731785216341,383.33499937238344,750,750,750,750,750,750,750
6589,102,59,0.6666611111422753,33,1,3,1,0,450,600,550,750,750,750,750,616.663178725923,383.3249990581402,750,750,750,750,750,750,750
6599,103,3,0.16667222225260048,33,1,1,1,0,100,300,250,300,600.0099998331307,750,750,0,0,81.8017214912183,750,750,750,600.0099998331307,750,750
6605,103,9,0.3333277777473995,33,1,7,1,0,250,450,350,450,749.9950001670527,750,750,0,0,231.80399441374405,750,750,750,749.9950001670527,750,750
6612,103,16,0.49998888888967485,33,1,3,1,0,250,500,300,600,750,750,750,76.32645951326646,0,381.806267593658,750,750,750,750,750,750
6615,103,19,0.49998888888967485,33,1,6,1,0,300,500,400,600,750,750,750,76.32645951326646,0,381.806267593658,750,750,750,750,750,750
6621,103,25,0.5,33,1,3,1,0,300,500,400,600,750,750,750,76.33646050977342,0,381.8162679112763,750,750,750,750,750,750
6631,103,35,0.6666611111422753,33,1,1,1,0,300,500,400,750,750,750,750,226.34391602249656,0,531.8135407729796,750,750,750,750,750,750
6632,103,36,0.6666722222526005,33,1,3,1,0,250,550,350,750,750,750,750,226.35391668560368,0,531.8235407572434,750,750,750,750,750,750
6655,103,59,0.6666611111422753,33,1,1,1,0,300,500,350,750,750,750,750,226.34391602249656,0,531.8135407729796,750,750,750,750,750,750
6665,104,3,0.16667222225260048,33,1,3,1,0,270,350,300,300,750,750,750,207.69310438183197,23.060279716775938,392.3183539611468,750,750,750,750,750,750
6671,104,9,0.3333277777473995,33,1,6,1,0,400,470,450,450,750,750,750,357.6911809899782,173.06451069767513,542.310276702022,750,750,750,750,750,750
6678,104,16,0.49998888888967485,33,1,5,1,0,450,520,490,600,750,750,750,507.6892579953783,323.0687418696972,692.3022000452493,750,750,750,750,750,750
6681,104,19,0.49998888888967485,33,1,4,1,0,450,520,490,600,750,750,750,507.6892579953783,323.0687418696972,692.3022000452493,750,750,750,750,750,750
6687,104,25,0.5,33,1,3,1,0,340,400,380,600,750,750,750,507.6992580332517,323.07874231784837,692.3121996728785,750,750,750,750,750,750
6697,104,35,0.6666611111422753,33,1,4,1,0,480,550,520,750,750,750,750,657.6923350001913,473.0779730416217,750,750,750,750,750,750,750
6698,104,36,0.6666722222526005,33,1,3,1,0,370,440,410,750,750,750,750,657.7023347047287,473.0879731564096,750,750,750,750,750,750,750
6721,104,59,0.6666611111422753,33,1,4,1,0,450,520,490,750,750,750,750,657.6923350001913,473.0779730416217,750,750,750,750,750,750,750
6731,105,3,0.16667222225260048,33,1,5,1,0,350,600,550,300,600.0099998331307,750,750,0,0,0,750,750,750,600.0099998331307,750,750
6737,105,9,0.3333277777473995,33,1,2,1,0,400,600,550,450,749.9950001670527,750,750,0,0,0,750,750,750,749.9950001670527,750,750
6744,105,16,0.49998888888967485,33,1,3,1,0,500,600,600,600,750,750,750,0,0,0,750,750,750,750,750,750
6747,105,19,0.49998888888967485,33,1,2,1,0,550,650,600,600,750,750,750,0,0,0,750,750,750,750,750,750
6753,105,25,0.5,33,1,1,1,0,350,590,500,600,750,750,750,0,0,0,750,750,750,750,750,750
6763,105,35,0.6666611111422753,33,1,1,1,0,500,620,620,750,750,750,750,0,0,0,750,750,750,750,750,750
6764,105,36,0.6666722222526005,33,1,2,1,0,500,700,650,750,750,750,750,0,0,0,750,750,750,750,750,750
6787,105,59,0.6666611111422753,33,1,2,1,0,550,620,620,750,750,750,750,0,0,0,750,750,750,750,750,750
6797,106,3,0.16667222225260048,33,1,0,1,0,0,2,1,300,750,750,750,750,750,750,750,750,750,750,750,750
6803,106,9,0.3333277777473995,33,1,0,1,0,0,2,1,450,750,750,750,750,750,750,750,750,750,750,750,750
6810,106,16,0.49998888888967485,33,1,0,1,0,0,2,1,600,750,750,750,750,750,750,750,750,750,750,750,750
6813,106,19,0.49998888888967485,33,1,0,1,0,0,2,1,600,750,750,750,750,750,750,750,750,750,750,750,750
6819,106,25,0.5,33,1,0,1,0,0,2,1,600,750,750,750,750,750,750,750,750,750,750,750,750
6829,106,35,0.6666611111422753,33,1,0,1,0,0,2,1,750,750,750,750,750,750,750,750,750,750,750,750,750
6830,106,36,0.6666722222526005,33,1,0,1,0,0,2,1,750,750,750,750,750,750,750,750,750,750,750,750,750
6853,106,59,0.6666611111422753,33,1,0,1,0,0,2,1,750,750,750,750,750,750,750,750,750,750,750,750,750
6863,107,3,0.16667222225260048,33,1,0,1,0,0,2,1,300,750,750,750,750,750,750,750,750,750,750,750,750
6869,107,9,0.3333277777473995,33,1,0,1,0,0,2,1,450,750,750,750,750,750,750,750,750,750,750,750,750
6876,107,16,0.49998888888967485,33,1,0,1,0,0,2,1,600,750,750,750,750,750,750,750,750,750,750,750,750
6879,107,19,0.49998888888967485,33,1,0,1,0,0,2,1,600,750,750,750,750,750,750,750,750,750,750,750,750
6885,107,25,0.5,33,1,0,1,0,0,2,1,600,750,750,750,750,750,750,750,750,750,750,750,750
6895,107,35,0.6666611111422753,33,1,0,1,0,0,2,1,750,750,750,750,750,750,750,750,750,750,750,750,750
6896,107,36,0.6666722222526005,33,1,0,1,0,0,2,1,750,750,750,750,750,750,750,750,750,750,750,750,750
6919,107,59,0.6666611111422753,33,1,0,1,0,0,2,1,750,750,750,750,750,750,750,750,750,750,750,750,750
6929,108,3,0.16667222225260048,33,1,4,1,0,250,350,330,300,300.01000049941746,750,750,417.08424912113276,280.4926984125307,553.6716538996398,750,750,750,300.01000049941746,750,750
6935,108,9,0.3333277777473995,33,1,5,1,0,330,400,360,450,450.00499999999874,750,750,567.0753463926513,430.48834845872875,703.6581986738478,750,750,750,450.00499999999874,750,750
6942,108,16,0.49998888888967485,33,1,8,1,0,550,620,580,600,600.000000000391,750,750,717.0664442940323,580.483998983056,750,750,750,750,600.000000000391,750,750
6945,108,19,0.49998888888967485,33,1,8,1,0,550,620,580,600,600.000000000391,750,750,717.0664442940323,580.483998983056,750,750,750,750,600.000000000391,750,750
6951,108,25,0.5,33,1,3,1,0,450,530,500,600,600.0099998331307,750,750,717.0764438666321,580.4939988591641,750,750,750,750,600.0099998331307,750,750
6961,108,35,0.6666611111422753,33,1,5,1,0,600,700,650,750,750,750,750,750,730.4846495067954,750,750,750,750,750,750,750
6962,108,36,0.6666722222526005,33,1,5,1,0,600,700,650,750,750,750,750,750,730.4946490495784,750,750,750,750,750,750,750
6985,108,59,0.6666611111422753,33,1,3,1,0,550,680,600,750,750,750,750,750,730.4846495067954,750,750,750,750,750,750,750
6995,109,3,0.16667222225260048,33,1,5,1,0,260,300,280,300,450.01500016606064,750,750,70.58252573220875,0,317.65735330528554,750,750,750,450.01500016606064,750,750
7001,109,9,0.3333277777473995,33,1,5,1,0,300,400,350,450,600.0049998333359,750,750,220.58517262782635,0,467.65176459233925,750,750,750,600.0049998333359,750,750
7008,109,16,0.49998888888967485,33,1,5,1,0,450,500,490,600,749.9950001670527,750,750,370.5878197688666,123.51589843261999,617.6461763978089,750,750,750,749.9950001670527,750,750
7011,109,19,0.49998888888967485,33,1,2,1,0,420,480,450,600,749.9950001670527,750,750,370.5878197688666,123.51589843261999,617.6461763978089,750,750,750,749.9950001670527,750,750
7017,109,25,0.5,33,1,4,1,0,450,530,480,600,750,750,750,370.5978201114157,123.52589932375196,617.6561761903364,750,750,750,750,750,750
7027,109,35,0.6666611111422753,33,1,4,1,0,480,550,520,750,750,750,750,520.5954669078151,273.53178181146495,750,750,750,750,750,750,750
7028,109,36,0.6666722222526005,33,1,3,1,0,500,600,550,750,750,750,750,520.6054669170079,273.5417823697038,750,750,750,750,750,750,750
7051,109,59,0.6666611111422753,33,1,3,1,0,450,510,480,750,750,750,750,520.5954669078151,273.53178181146495,750,750,750,750,750,750,750
7061,110,3,0.16667222225260048,33,1,7,1,0,400,550,450,300,450.02000033251375,750,750,540.0130999810708,372.0107842510371,708.0091437743487,750,750,750,450.02000033251375,750,750
7067,110,9,0.3333277777473995,33,1,9,1,0,550,650,575,450,600.0099998331307,750,750,690.0000999926739,522.0033838646982,750,750,750,750,600.0099998331307,750,750
7074,110,16,0.49998888888967485,33,1,7,1,0,550,700,600,600,750,750,750,750,671.9959840581532,750,750,750,750,750,750,750
7077,110,19,0.49998888888967485,33,1,7,1,0,600,700,650,600,750,750,750,750,671.9959840581532,750,750,750,750,750,750,750
7083,110,25,0.5,33,1,7,1,0,500,700,600,600,750,750,750,750,672.0059837309059,750,750,750,750,750,750,750
7093,110,35,0.6666611111422753,33,1,5,1,0,600,800,700,750,750,750,750,750,750,750,750,750,750,750,750,750
7094,110,36,0.6666722222526005,33,1,5,1,0,500,700,600,750,750,750,750,750,750,750,750,750,750,750,750,750
7117,110,59,0.6666611111422753,33,1,3,1,0,550,700,650,750,750,750,750,750,750,750,750,750,750,750,750,750
7127,111,3,0.16667222225260048,33,1,3,1,0,300,400,350,300,300.0150008315519,750,750,750,750,750,750,750,750,300.0150008315519,750,750
7133,111,9,0.3333277777473995,33,1,3,1,0,450,600,520,450,450.010000166463,750,750,750,750,750,750,750,750,450.010000166463,750,750
7140,111,16,0.49998888888967485,33,1,3,1,0,600,700,650,600,600.0050000001913,750,750,750,750,750,750,750,750,600.0050000001913,750,750
7143,111,19,0.49998888888967485,33,1,0,1,0,590,700,630,600,600.0050000001913,750,750,750,750,750,750,750,750,600.0050000001913,750,750
7149,111,25,0.5,33,1,0,1,0,400,500,450,600,600.0149998329199,750,750,750,750,750,750,750,750,600.0149998329199,750,750
7159,111,35,0.6666611111422753,33,1,0,1,0,650,800,750,750,750,750,750,750,750,750,750,750,750,750,750,750
7160,111,36,0.6666722222526005,33,1,0,1,0,500,650,600,750,750,750,750,750,750,750,750,750,750,750,750,750
7183,111,59,0.6666611111422753,33,1,0,1,0,450,600,530,750,750,750,750,750,750,750,750,750,750,750,750,750
7193,112,3,0.16667222225260048,33,1,6,1,0,250,400,350,300,300.01000049941746,750,750,0,0,0,750,750,750,300.01000049941746,750,750
7199,112,9,0.3333277777473995,33,1,2,1,0,250,450,400,450,450.00499999999874,750,750,0,0,49.9926581807855,750,750,750,450.00499999999874,750,750
7206,112,16,0.49998888888967485,33,1,3,1,0,400,500,450,600,600.000000000391,750,750,0,0,200.00099185183245,750,750,750,600.000000000391,750,750
7209,112,19,0.49998888888967485,33,1,2,1,0,350,450,400,600,600.000000000391,750,750,0,0,200.00099185183245,750,750,750,600.000000000391,750,750
7215,112,25,0.5,33,1,3,1,0,250,400,350,600,600.0099998331307,750,750,0,0,200.0109925734835,750,750,750,600.0099998331307,750,750
7225,112,35,0.6666611111422753,33,1,3,1,0,450,501,500,750,750,750,750,0,0,350.0143255217665,750,750,750,750,750,750
7226,112,36,0.6666722222526005,33,1,2,1,0,400,500,450,750,750,750,750,0,0,350.0243259100361,750,750,750,750,750,750
7249,112,59,0.6666611111422753,33,1,3,1,0,400,500,450,750,750,750,750,0,0,350.0143255217665,750,750,750,750,750,750
7259,113,3,0.16667222225260048,33,1,5,1,0,300,400,350,300,450.01500016606064,750,750,411.87702120553956,269.4993209504196,554.2502168455096,750,750,750,450.01500016606064,750,750
7265,113,9,0.3333277777473995,33,1,6,1,0,400,500,450,450,600.0049998333359,750,750,561.868292038228,419.4953374262468,704.2367423363386,750,750,750,600.0049998333359,750,750
7272,113,16,0.49998888888967485,33,1,5,1,0,300,400,350,600,749.9950001670527,750,750,711.8595634949946,569.4913543679907,750,750,750,750,749.9950001670527,750,750
7275,113,19,0.49998888888967485,33,1,5,1,0,300,400,350,600,749.9950001670527,750,750,711.8595634949946,569.4913543679907,750,750,750,750,749.9950001670527,750,750
7281,113,25,0.5,33,1,5,1,0,300,400,350,600,750,750,750,711.8695630791648,569.5013542685265,750,750,750,750,750,750,750
7291,113,35,0.6666611111422753,33,1,5,1,0,300,400,350,750,750,750,750,750,719.4923713091468,750,750,750,750,750,750,750
7292,113,36,0.6666722222526005,33,1,5,1,0,300,400,350,750,750,750,750,750,719.5023708763559,750,750,750,750,750,750,750
7315,113,59,0.6666611111422753,33,1,5,1,0,300,400,350,750,750,750,750,750,719.4923713091468,750,750,750,750,750,750,750
7325,114,3,0.16667222225260048,33,1,3,1,0,250,350,300,300,750,750,750,750,750,750,750,750,750,750,750,750
7331,114,9,0.3333277777473995,33,1,2,1,0,350,500,450,450,750,750,750,750,750,750,750,750,750,750,750,750
7338,114,16,0.49998888888967485,33,1,1,1,0,400,500,450,600,750,750,750,750,750,750,750,750,750,750,750,750
7341,114,19,0.49998888888967485,33,1,0,1,0,300,400,350,600,750,750,750,750,750,750,750,750,750,750,750,750
7347,114,25,0.5,33,1,1,1,0,400,600,500,600,750,750,750,750,750,750,750,750,750,750,750,750
7357,114,35,0.6666611111422753,33,1,0,1,0,300,400,350,750,750,750,750,750,750,750,750,750,750,750,750,750
7358,114,36,0.6666722222526005,33,1,0,1,0,300,400,350,750,750,750,750,750,750,750,750,750,750,750,750,750
7381,114,59,0.6666611111422753,33,1,1,1,0,400,600,500,750,750,750,750,750,750,750,750,750,750,750,750,750
7391,115,3,0.16667222225260048,33,1,7,1,0,350,390,370,300,300.01000049941746,750,750,593.6295381346124,504.26845297174896,682.9888487975942,750,750,750,300.01000049941746,750,750
7397,115,9,0.3333277777473995,33,1,5,1,0,440,480,460,450,450.00499999999874,750,750,743.6147511259301,654.2566443522014,750,750,750,750,450.00499999999874,750,750
7404,115,16,0.49998888888967485,33,1,9,1,0,600,750,680,600,600.000000000391,750,750,750,750,750,750,750,750,600.000000000391,750,750
7407,115,19,0.49998888888967485,33,1,8,1,0,590,720,670,600,600.000000000391,750,750,750,750,750,750,750,750,600.000000000391,750,750
7413,115,25,0.5,33,1,4,1,0,300,380,350,600,600.0099998331307,750,750,750,750,750,750,750,750,600.0099998331307,750,750
7423,115,35,0.6666611111422753,33,1,9,1,0,620,750,680,750,750,750,750,750,750,750,750,750,750,750,750,750
7424,115,36,0.6666722222526005,33,1,6,1,0,680,750,700,750,750,750,750,750,750,750,750,750,750,750,750,750
7447,115,59,0.6666611111422753,33,1,8,1,0,620,720,670,750,750,750,750,750,750,750,750,750,750,750,750,750
7457,116,3,0.16667222225260048,33,1,1,1,0,250,450,300,300,300.01000049941746,750,750,333.9654910230454,175.46091005503246,492.46448914177404,750,750,750,300.01000049941746,750,750
7463,116,9,0.3333277777473995,33,1,6,1,0,450,550,500,450,450.00499999999874,750,750,483.95935873480727,325.460061041821,642.4530739516706,750,750,750,450.00499999999874,750,750
7470,116,16,0.49998888888967485,33,1,10,1,0,600,700,650,600,600.000000000391,750,750,633.9532269841004,475.4592123900545,750,750,750,750,600.000000000391,750,750
7473,116,19,0.49998888888967485,33,1,10,1,0,600,700,650,600,600.000000000391,750,750,633.9532269841004,475.4592123900545,750,750,750,750,600.000000000391,750,750
7479,116,25,0.5,33,1,3,1,0,500,750,600,600,600.0099998331307,750,750,633.9632267413901,475.46921249955074,750,750,750,750,600.0099998331307,750,750
7489,116,35,0.6666611111422753,33,1,2,1,0,500,750,650,750,750,750,750,750,625.4633637377003,750,750,750,750,750,750,750
7490,116,36,0.6666722222526005,33,1,3,1,0,500,750,600,750,750,750,750,750,625.4733635138559,750,750,750,750,750,750,750
7513,116,59,0.6666611111422753,33,1,2,1,0,500,750,650,750,750,750,750,750,625.4633637377003,750,750,750,750,750,750,750
7523,117,3,0.16667222225260048,33,1,4,1,0,150,400,250,300,300.01000049941746,750,750,333.97099881765683,175.47065495831185,492.46576012668663,750,750,750,300.01000049941746,750,750
7529,117,9,0.3333277777473995,33,1,5,1,0,350,500,400,450,450.00499999999874,750,750,483.96486634583607,325.46980562077715,642.454344894221,750,750,750,450.00499999999874,750,750
7536,117,16,0.49998888888967485,33,1,6,1,0,400,700,500,600,600.000000000391,750,750,633.9587344115528,475.4689566441986,750,750,750,750,600.000000000391,750,750
7539,117,19,0.49998888888967485,33,1,6,1,0,300,550,400,600,600.000000000391,750,750,633.9587344115528,475.4689566441986,750,750,750,750,600.000000000391,750,750
7545,117,25,0.5,33,1,4,1,0,250,500,350,600,600.0099998331307,750,750,633.9687341688302,475.4789567536732,750,750,750,750,600.0099998331307,750,750
7555,117,35,0.6666611111422753,33,1,4,1,0,250,600,400,750,750,750,750,750,625.4731076670323,750,750,750,750,750,750,750
7556,117,36,0.6666722222526005,33,1,4,1,0,300,600,400,750,750,750,750,750,625.4831074431662,750,750,750,750,750,750,750
7579,117,59,0.6666611111422753,33,1,4,1,0,250,600,400,750,750,750,750,750,625.4731076670323,750,750,750,750,750,750,750
7589,118,3,0.16667222225260048,33,1,5,1,0,350,500,400,300,450.01500016606064,750,750,0,0,203.9977156802384,750,750,750,450.01500016606064,750,750
7595,118,9,0.3333277777473995,33,1,5,1,0,400,600,500,450,600.0049998333359,750,750,17.966640438825323,0,353.99591546442616,750,750,750,600.0049998333359,750,750
7602,118,16,0.49998888888967485,33,1,4,1,0,500,750,700,600,749.9950001670527,750,750,167.97604168911167,0,503.9941156417624,750,750,750,749.9950001670527,750,750
7605,118,19,0.49998888888967485,33,1,5,1,0,500,800,700,600,749.9950001670527,750,750,167.97604168911167,0,503.9941156417624,750,750,750,749.9950001670527,750,750
7611,118,25,0.5,33,1,4,1,0,500,700,600,600,750,750,750,167.98604248193465,0,504.0041156878473,750,750,750,750,750,750
7621,118,35,0.6666611111422753,33,1,2,1,0,600,800,750,750,750,750,750,317.99044293877927,0,653.9973158185114,750,750,750,750,750,750
7622,118,36,0.6666722222526005,33,1,1,1,0,600,800,700,750,750,750,750,318.0004433982161,0,654.0073155312598,750,750,750,750,750,750
7645,118,59,0.6666611111422753,33,1,4,1,0,600,800,750,750,750,750,750,317.99044293877927,0,653.9973158185114,750,750,750,750,750,750
7655,119,3,0.16667222225260048,33,1,4,1,0,200,350,280,300,300.01000049941746,750,750,289.4827258332729,142.10540180070464,436.8552233399371,750,750,750,300.01000049941746,750,750
7661,119,9,0.3333277777473995,33,1,3,1,0,200,500,350,450,450.00499999999874,750,750,439.47807622587396,292.1056646170652,586.8456616305264,750,750,750,450.00499999999874,750,750
7668,119,16,0.49998888888967485,33,1,5,1,0,500,700,600,600,600.000000000391,750,750,589.4734271065913,442.1059277583126,736.8361005729394,750,750,750,600.000000000391,750,750
7671,119,19,0.49998888888967485,33,1,4,1,0,450,650,550,600,600.000000000391,750,750,589.4734271065913,442.1059277583126,736.8361005729394,750,750,750,600.000000000391,750,750
7677,119,25,0.5,33,1,3,1,0,350,600,450,600,600.0099998331307,750,750,589.4834269627231,442.1159279409291,736.8461001016086,750,750,750,600.0099998331307,750,750
7687,119,35,0.6666611111422753,33,1,5,1,0,550,800,650,750,750,750,750,739.4737779867205,592.1111908974724,750,750,750,750,750,750,750
7688,119,36,0.6666722222526005,33,1,5,1,0,500,800,650,750,750,750,750,739.4837775095284,592.1211907477425,750,750,750,750,750,750,750
7711,119,59,0.6666611111422753,33,1,4,1,0,500,800,650,750,750,750,750,739.4737779867205,592.1111908974724,750,750,750,750,750,750,750
7721,120,3,0.16667222225260048,33,1,0,1,0,200,300,250,300,600.0199996658482,750,750,236.1675458806891,57.42528291673992,414.90270939306095,750,750,750,600.0199996658482,750,750
7727,120,9,0.3333277777473995,33,1,8,1,0,300,450,360,450,750,750,750,386.16467337227675,207.42836838868814,564.8938793780594,750,750,750,750,750,750
7734,120,16,0.49998888888967485,33,1,6,1,0,500,600,540,600,750,750,750,536.1618012922523,357.4314540909408,714.8850499894979,750,750,750,750,750,750
7737,120,19,0.49998888888967485,33,1,8,1,0,500,600,560,600,750,750,750,536.1618012922523,357.4314540909408,714.8850499894979,750,750,750,750,750,750
7743,120,25,0.5,33,1,4,1,0,400,600,520,600,750,750,750,536.1718012658542,357.44145446172803,714.8950495669451,750,750,750,750,750,750
7753,120,35,0.6666611111422753,33,1,3,1,0,500,750,600,750,750,750,750,686.1639292106416,507.43953979110063,750,750,750,750,750,750,750
7754,120,36,0.6666722222526005,33,1,3,1,0,500,750,600,750,750,750,750,686.173928851911,507.4495398295289,750,750,750,750,750,750,750
7777,120,59,0.6666611111422753,33,1,1,1,0,500,750,600,750,750,750,750,686.1639292106416,507.43953979110063,750,750,750,750,750,750,750
7787,121,3,0.16667222225260048,33,1,7,1,0,250,350,300,300,0,750,750,241.93733087335667,0,512.9161186538158,750,750,750,0,750,750
7793,121,9,0.3333277777473995,33,1,7,1,0,350,450,400,450,0,750,750,391.93426604529,120.94819272231081,662.9040218065186,750,750,750,0,750,750
7800,121,16,0.49998888888967485,33,1,6,1,0,400,500,450,600,0,750,750,541.9312016525206,270.95416113553927,750,750,750,750,0,750,750
7803,121,19,0.49998888888967485,33,1,5,1,0,375,475,425,600,0,750,750,541.9312016525206,270.95416113553927,750,750,750,750,0,750,750
7809,121,25,0.5,33,1,4,1,0,400,500,450,600,0,750,750,541.9412016143008,270.96416169950646,750,750,750,750,0,750,750
7819,121,35,0.6666611111422753,33,1,4,1,0,425,525,475,750,0,750,750,691.9331372591641,420.965129547665,750,750,750,750,0,750,750
7820,121,36,0.6666722222526005,33,1,2,1,0,350,450,400,750,0,750,750,691.9431368876135,420.97512977826125,750,750,750,750,0,750,750
7843,121,59,0.6666611111422753,33,1,4,1,0,350,450,400,750,0,750,750,691.9331372591641,420.965129547665,750,750,750,750,0,750,750
7853,122,3,0.16667222225260048,33,1,2,1,0,3,300,50,300,300.01000049941746,750,750,406.2055740203541,257.5258785706853,554.8803572667448,750,750,750,300.01000049941746,750,750
7859,122,9,0.3333277777473995,33,1,9,1,0,9,500,10,450,450.00499999999874,750,750,556.1970338882484,407.5222941450383,704.8668617541323,750,750,750,450.00499999999874,750,750
7866,122,16,0.49998888888967485,33,1,7,1,0,7,500,20,600,600.000000000391,750,750,706.1884943729217,557.5187101715069,750,750,750,750,600.000000000391,750,750
7869,122,19,0.49998888888967485,33,1,8,1,0,8,550,10,600,600.000000000391,750,750,706.1884943729217,557.5187101715069,750,750,750,750,600.000000000391,750,750
7875,122,25,0.5,33,1,4,1,0,5,600,35,600,600.0099998331307,750,750,706.1984939686945,557.5287100986483,750,750,750,750,600.0099998331307,750,750
7885,122,35,0.6666611111422753,33,1,2,1,0,2,550,35,750,750,750,750,750,707.520126197388,750,750,750,750,750,750,750
7886,122,36,0.6666722222526005,33,1,7,1,0,8,700,15,750,750,750,750,750,707.5301257912009,750,750,750,750,750,750,750
7909,122,59,0.6666611111422753,33,1,2,1,0,2,550,35,750,750,750,750,750,707.520126197388,750,750,750,750,750,750,750
7919,123,3,0.16667222225260048,33,1,5,1,0,300,350,310,300,450.01500016606064,750,750,424.1506512205681,279.3183951089767,568.9782460628691,750,750,750,450.01500016606064,750,750
7925,123,9,0.3333277777473995,33,1,7,1,0,400,455,450,450,600.0049998333359,750,750,574.1415129634403,429.31408429783505,718.9642806714763,750,750,750,600.0049998333359,750,750
7932,123,16,0.49998888888967485,33,1,5,1,0,550,605,600,600,749.9950001670527,750,750,724.1323753440242,579.3097739615197,750,750,750,750,749.9950001670527,750,750
7935,123,19,0.49998888888967485,33,1,5,1,0,550,605,600,600,749.9950001670527,750,750,724.1323753440242,579.3097739615197,750,750,750,750,749.9950001670527,750,750
7941,123,25,0.5,33,1,5,1,0,550,605,600,600,750,750,750,724.1423749009225,579.3197738402371,750,750,750,750,750,750,750
7951,123,35,0.6666611111422753,33,1,5,1,0,600,700,650,750,750,750,750,750,729.3104636256156,750,750,750,750,750,750,750
7952,123,36,0.6666722222526005,33,1,5,1,0,650,750,700,750,750,750,750,750,729.3204631710078,750,750,750,750,750,750,750
7975,123,59,0.6666611111422753,33,1,5,1,0,600,700,650,750,750,750,750,750,729.3104636256156,750,750,750,750,750,750,750
7985,124,3,0.16667222225260048,33,1,6,1,0,300,500,400,300,450.01500016606064,750,750,241.9381321822232,0,512.9161914950996,750,750,750,450.01500016606064,750,750
7991,124,9,0.3333277777473995,33,1,8,1,0,450,800,600,450,600.0049998333359,750,750,391.93506732794674,120.9497225340055,662.9040946463736,750,750,750,600.0049998333359,750,750
7998,124,16,0.49998888888967485,33,1,5,1,0,500,700,550,600,749.9950001670527,750,750,541.932002908469,270.95569089623905,750,750,750,750,749.9950001670527,750,750
8001,124,19,0.49998888888967485,33,1,5,1,0,500,700,550,600,749.9950001670527,750,750,541.932002908469,270.95569089623905,750,750,750,750,749.9950001670527,750,750
8007,124,25,0.5,33,1,6,1,0,500,700,550,600,750,750,750,541.9420028702474,270.96569146020283,750,750,750,750,750,750,750
8017,124,35,0.6666611111422753,33,1,4,1,0,600,900,800,750,750,750,750,691.933938488404,420.9666592578695,750,750,750,750,750,750,750
8018,124,36,0.6666722222526005,33,1,2,1,0,700,900,800,750,750,750,750,691.9439381158525,420.9766594884623,750,750,750,750,750,750,750
8041,124,59,0.6666611111422753,33,1,3,1,0,700,900,800,750,750,750,750,691.933938488404,420.9666592578695,750,750,750,750,750,750,750
8051,125,3,0.16667222225260048,33,1,6,1,0,300,600,400,300,450.01500016606064,750,750,339.1385257090291,156.51749493738498,521.7521455713414,750,750,750,450.01500016606064,750,750
8057,125,9,0.3333277777473995,33,1,5,1,0,400,600,500,450,600.0049998333359,750,750,489.13222099632367,306.5172773585752,671.7397542197627,750,750,750,600.0049998333359,750,750
8064,125,16,0.49998888888967485,33,1,7,1,0,600,900,750,600,749.9950001670527,750,750,639.125916826896,456.5170601201645,750,750,750,750,749.9950001670527,750,750
8067,125,19,0.49998888888967485,33,1,6,1,0,600,900,750,600,749.9950001670527,750,750,639.125916826896,456.5170601201645,750,750,750,750,749.9950001670527,750,750
8073,125,25,0.5,33,1,3,1,0,450,800,600,600,750,750,750,639.135916572691,456.5270602717549,750,750,750,750,750,750,750
8083,125,35,0.6666611111422753,33,1,5,1,0,650,900,750,750,750,750,750,750,606.5218428811654,750,750,750,750,750,750,750
8084,125,36,0.6666722222526005,33,1,3,1,0,500,800,700,750,750,750,750,750,606.5318426994124,750,750,750,750,750,750,750
8107,125,59,0.6666611111422753,33,1,4,1,0,600,850,700,750,750,750,750,750,606.5218428811654,750,750,750,750,750,750,750
8117,126,3,0.16667222225260048,33,1,0,1,0,0,0,0,300,750,750,750,750,750,750,750,750,750,750,750,750
8123,126,9,0.3333277777473995,33,1,0,1,0,0,0,0,450,750,750,750,750,750,750,750,750,750,750,750,750
8130,126,16,0.49998888888967485,33,1,0,1,0,0,0,0,600,750,750,750,750,750,750,750,750,750,750,750,750
8133,126,19,0.49998888888967485,33,1,0,1,0,0,0,0,600,750,750,750,750,750,750,750,750,750,750,750,750
8139,126,25,0.5,33,1,0,1,0,0,0,0,600,750,750,750,750,750,750,750,750,750,750,750,750
8149,126,35,0.6666611111422753,33,1,0,1,0,0,0,0,750,750,750,750,750,750,750,750,750,750,750,750,750
8150,126,36,0.6666722222526005,33,1,0,1,0,0,0,0,750,750,750,750,750,750,750,750,750,750,750,750,750
8173,126,59,0.6666611111422753,33,1,0,1,0,0,0,0,750,750,750,750,750,750,750,750,750,750,750,750,750
8183,127,3,0.16667222225260048,33,1,0,1,0,0,0,0,300,750,750,750,750,750,750,750,750,750,750,750,750
8189,127,9,0.3333277777473995,33,1,0,1,0,0,0,0,450,750,750,750,750,750,750,750,750,750,750,750,750
8196,127,16,0.49998888888967485,33,1,0,1,0,0,0,0,600,750,750,750,750,750,750,750,750,750,750,750,750
8199,127,19,0.49998888888967485,33,1,0,1,0,0,0,0,600,750,750,750,750,750,750,750,750,750,750,750,750
8205,127,25,0.5,33,1,0,1,0,0,0,0,600,750,750,750,750,750,750,750,750,750,750,750,750
8215,127,35,0.6666611111422753,33,1,0,1,0,0,0,0,750,750,750,750,750,750,750,750,750,750,750,750,750
8216,127,36,0.6666722222526005,33,1,0,1,0,0,0,0,750,750,750,750,750,750,750,750,750,750,750,750,750
8239,127,59,0.6666611111422753,33,1,0,1,0,0,0,0,750,750,750,750,750,750,750,750,750,750,750,750,750
